Name,AUID,Coords,Const,Type,Period,Mag
"AF Ant","000-BDD-081","09 34 00.18 -29 15 24.1","Ant","RR","--","13.8 - 14.7 p"
"UV Aps","000-BDD-126","14 50 51.87 -71 07 12.1","Aps","RR","0.4194:","15.1 - 15.9 p"
"UW Aps","000-BDD-127","14 52 26.23 -71 21 42.0","Aps","RR","0.503485","14.4 - 16.0 p"
"UX Aps","000-BDD-128","14 52 30.33 -70 54 43.3","Aps","RR","0.40075","14.7 - 15.8 p"
"DK Aps","000-BDD-217","17 18 37.89 -81 43 17.4","Aps","RR","--","14.8 - 15.6 p"
"FG Aps","000-BDD-254","15 06 42.31 -72 13 21.9","Aps","RR","--","15.0 - 16.0 p"
"FH Aps","000-BDD-255","15 31 39.49 -72 40 17.9","Aps","RR","--","15.5 - 16.5 p"
"FK Aps","000-BDD-257","15 37 13.37 -72 11 22.5","Aps","RR","--","15.0 - 16.0 p"
"KY Aps","000-BDD-339","17 36 30.00 -76 53 38.2","Aps","RR","--","15.3 - <15.6 p"
"NSVS 14484499","--","21 57 29.60 -03 06 41.1","Aqr","RR","0.73691630","11.93 (0.30) R1"
"[SIG2010] 3218459","--","20 48 54.07 +00 23 13.3","Aqr","RR","0.222820","16.13 (0.12) r"
"HL Aql","000-BDD-713","18 46 35.54 -02 01 08.0","Aql","RR","0.4285:","14.5 - 15.2 p"
"HV Aql","000-BDD-723","19 01 02.02 +00 14 50.6","Aql","RR","0.508","14.4 - 15.0 p"
"V0972 Aql","000-BDF-345","19 25 55.91 +07 11 54.7","Aql","RR","--","14.0 - 15.0 p"
"V1002 Aql","000-BDF-374","19 38 46.48 +05 57 04.7","Aql","RR","--","15.5 - 16.5 p"
"V1007 Aql","000-BDF-378","19 39 47.57 +16 11 24.9","Aql","RR","--","16.0 - 17.0 p"
"V1061 Aql","000-BDF-429","19 54 20.75 +07 01 31.4","Aql","RR","--","15.5 - 17.0 p"
"V1089 Aql","000-BDF-457","20 04 59.67 +10 36 50.0","Aql","RR","--","15.0 - 16.0 p"
"V1104 Aql","000-BDF-471","19 03 40.24 +14 44 18.1","Aql","RR","--","17.0 - 18.0 p"
"V1161 Aql","000-BDF-527","19 51 38.07 +07 29 29.7","Aql","RR","--","15.0 - 16.0 p"
"V1207 Aql","000-BDF-570","19 19 48.91 +00 15 41.3","Aql","RR","--","16.5 - 17.0 p"
"V1209 Aql","000-BDF-571","19 20 31.09 +00 24 57.4","Aql","RR","--","16.0 - 16.5 p"
"V1221 Aql","000-BDF-583","19 23 23.94 +04 48 49.3","Aql","RR","--","15.5 - 16.0 p"
"V1227 Aql","000-BDF-589","19 24 34.67 +03 10 59.4","Aql","RR","--","16.5 - 17.5 p"
"V1254 Aql","000-BDF-613","19 33 37.38 +03 15 10.1","Aql","RR","--","16.0 - 16.5 p"
"V1308 Aql","000-BDF-658","19 48 47.36 +07 22 15.8","Aql","RR","0.2614","17.0 - 17.4 p"
"NSVS 16904308","--","19 07 01.28 -11 22 00.3","Aql","RR","0.95678975","11.43 (0.27) R1"
"WISE J185039.3+072716","--","18 50 39.40 +07 27 16.6","Aql","RR","0.3763955","12.993 (0.670) W1"
"WISE J190055.0+130729","--","19 00 55.07 +13 07 29.1","Aql","RR","0.4341435","11.974 (0.213) W1"
"WISE J190517.6-041429","--","19 05 17.64 -04 14 29.7","Aql","RR","0.4444921","10.075 (0.174) W1"
"HT Ara","000-BDG-136","17 56 08.15 -55 28 15.5","Ara","RR","0.4966","13.9 - 15.0: p"
"HZ Ara","000-BDG-142","18 00 43.65 -55 16 17.1","Ara","RR","0.34254","14.6 - 15.6 p"
"MO Ara","000-BDG-185","17 48 57.01 -46 36 50.5","Ara","RR","0.379771","14.6 - 15.4 p"
"MU Ara","000-BDG-191","17 18 43.22 -60 34 27.6","Ara","RR","--","16.6 - 17.7 p"
"MY Ara","000-BDG-195","17 22 40.05 -58 18 14.5","Ara","RR","--","15.2 - 16.2 p"
"MZ Ara","000-BDG-196","17 23 57.83 -58 31 29.6","Ara","RR","--","15.5 - 17.0 p"
"NP Ara","000-BDG-199","17 25 16.47 -57 03 24.8","Ara","RR","--","14.7 - 15.9 p"
"NR Ara","000-BDG-201","17 27 38.23 -58 01 52.7","Ara","RR","--","15.5 - 16.6 p"
"NT Ara","000-BDG-203","17 29 19.70 -57 54 35.6","Ara","RR","--","14.5 - 15.5 p"
"NU Ara","000-BDG-204","17 30 25.18 -61 27 02.9","Ara","RR","--","16.3 - 17.5 p"
"NV Ara","000-BDG-205","17 31 17.12 -60 50 45.6","Ara","RR","--","14.4 - 15.9 p"
"NW Ara","000-BDG-206","17 31 59.29 -57 07 00.6","Ara","RR","--","15.4 - 16.7 p"
"NX Ara","000-BDG-207","17 33 41.00 -57 04 12.2","Ara","RR","--","15.5 - 16.5 p"
"NY Ara","000-BDG-208","17 34 59.63 -59 23 32.8","Ara","RR","--","14.5 - 16.6 p"
"NZ Ara","000-BDG-209","17 37 50.04 -59 37 31.0","Ara","RR","--","15.3 - 17.2 p"
"OO Ara","000-BDG-210","17 37 48.83 -57 06 23.9","Ara","RR","--","14.4 - 15.5 p"
"OP Ara","000-BDG-211","17 38 46.61 -56 49 33.5","Ara","RR","--","14.1 - 15.5 p"
"OQ Ara","000-BDG-212","17 39 43.48 -56 39 53.1","Ara","RR","--","14.8 - 16.3 p"
"OR Ara","000-BDG-213","17 43 24.48 -56 42 31.4","Ara","RR","--","14.9 - 16.1 p"
"OS Ara","000-BDG-214","17 46 14.30 -56 34 07.6","Ara","RR","--","15.4 - 16.6 p"
"OT Ara","000-BDG-215","17 48 37.17 -56 37 07.8","Ara","RR","--","16.0 - 17.0 p"
"OV Ara","000-BDG-217","17 52 58.01 -56 39 55.2","Ara","RR","--","14.2 - 15.3 p"
"OZ Ara","000-BDG-221","17 54 11.94 -55 38 59.9","Ara","RR","--","14.8 - 16.2 p"
"PP Ara","000-BDG-222","17 56 00.46 -53 29 07.9","Ara","RR","--","13.5 - 15.1 p"
"PR Ara","000-BDG-223","17 57 05.09 -54 13 06.3","Ara","RR","--","13.5 - 15.4 p"
"PT Ara","000-BDG-225","17 58 07.13 -51 56 35.4","Ara","RR","--","14.8 - 15.9 p"
"PU Ara","000-BDG-226","17 59 06.51 -55 25 11.7","Ara","RR","--","15.0 - 16.2 p"
"PV Ara","000-BDG-227","18 00 28.47 -53 16 19.8","Ara","RR","--","14.5 - 15.5 p"
"PW Ara","000-BDG-228","18 00 40.61 -54 21 32.9","Ara","RR","--","14.3 - 15.5 p"
"PY Ara","000-BDG-230","18 02 12.47 -52 53 36.5","Ara","RR","--","14.3 - 15.3 p"
"PZ Ara","000-BDG-231","18 02 45.02 -55 34 17.7","Ara","RR","--","14.1 - 15.8 p"
"QQ Ara","000-BDG-232","18 03 25.87 -55 58 43.7","Ara","RR","0.5486:","13.3 - 15.1 p"
"QS Ara","000-BDG-234","18 03 52.97 -54 42 59.7","Ara","RR","--","14.7 - 15.8 p"
"QT Ara","000-BDG-235","18 05 19.77 -55 21 51.8","Ara","RR","--","12.5 - 14.4 p"
"QW Ara","000-BDG-238","18 08 48.26 -49 52 02.0","Ara","RR","--","14.3 - 16.5 p"
"V0335 Ara","000-BDG-242","17 27 35.99 -56 16 48.7","Ara","RR","--","14.5 - 15.5 p"
"V0354 Ara","000-BDG-260","16 40 21.15 -57 27 06.5","Ara","RR","--","14.5 - 15.5 p"
"V0377 Ara","000-BDG-283","16 46 41.54 -60 00 47.5","Ara","RR","--","15.8 - <16.3 p"
"V0456 Ara","000-BDG-360","17 05 04.01 -59 15 15.3","Ara","RR","--","15.0 - 15.4 p"
"V0460 Ara","000-BDG-364","17 05 59.35 -61 24 12.6","Ara","RR","--","15.6 - <16.0 p"
"V0481 Ara","000-BDG-385","17 09 58.26 -63 31 25.1","Ara","RR","--","15.1 - 16.0 p"
"V0487 Ara","000-BDG-391","17 09 57.35 -56 58 28.8","Ara","RR","--","13.8 - 15.5 p"
"V0521 Ara","000-BDG-424","17 21 10.07 -59 54 33.4","Ara","RR","0.52:","15.7 - 16.4 p"
"V0526 Ara","000-BDG-429","17 25 40.94 -62 05 35.2","Ara","RR","--","15.0 - 16.0 p"
"V0540 Ara","000-BDG-443","17 39 04.52 -54 51 38.0","Ara","RR","--","15.0 - 16.0 p"
"V0541 Ara","000-BDG-444","17 39 36.62 -54 08 52.3","Ara","RR","--","15.5 - 16.5 p"
"V0542 Ara","000-BDG-445","17 39 43.79 -52 54 30.4","Ara","RR","--","14.0 - 15.0 p"
"V0543 Ara","000-BDG-446","17 41 43.17 -52 20 44.3","Ara","RR","--","16.0 - 17.0 p"
"V0545 Ara","000-BDG-448","17 42 29.74 -48 53 38.9","Ara","RR","--","15.5 - 17.0 p"
"V0546 Ara","000-BDG-449","17 42 59.38 -50 27 47.5","Ara","RR","--","15.0 - 16.0 p"
"V0547 Ara","000-BDG-450","17 44 12.51 -47 06 13.9","Ara","RR","--","15.5 - 16.5 p"
"V0549 Ara","000-BDG-452","17 44 51.55 -50 07 40.1","Ara","RR","--","15.5 - 16.5 p"
"V0550 Ara","000-BDG-453","17 44 43.35 -47 18 49.7","Ara","RR","--","15.0 - 16.0 p"
"V0551 Ara","000-BDG-454","17 45 21.66 -50 04 15.0","Ara","RR","--","14.5 - 15.5 p"
"V0552 Ara","000-BDG-455","17 45 51.79 -53 37 30.2","Ara","RR","--","15.0 - 16.0 p"
"V0553 Ara","000-BDG-456","17 46 27.16 -49 50 08.4","Ara","RR","--","14.5 - 16.0 p"
"V0554 Ara","000-BDG-457","17 46 34.47 -50 11 41.0","Ara","RR","--","16.0 - 17.0 p"
"V0556 Ara","000-BDG-459","17 47 28.16 -50 19 53.2","Ara","RR","--","15.5 - 16.5 p"
"V0557 Ara","000-BDG-460","17 47 34.35 -49 12 20.7","Ara","RR","--","14.5 - 15.5 p"
"V0558 Ara","000-BDG-461","17 48 10.28 -50 11 22.5","Ara","RR","--","16.0 - 17.0 p"
"V0559 Ara","000-BDG-462","17 48 37.80 -51 23 25.8","Ara","RR","--","15.0 - 16.0 p"
"V0560 Ara","000-BDG-463","17 48 16.25 -47 59 19.3","Ara","RR","--","15.5 - 16.5 p"
"V0563 Ara","000-BDG-466","17 49 15.52 -52 25 22.2","Ara","RR","--","14.5 - 16.0 p"
"V0564 Ara","000-BDG-467","17 49 55.77 -54 51 50.9","Ara","RR","--","14.5 - 16.0 p"
"V0565 Ara","000-BDG-468","17 49 59.09 -53 42 23.0","Ara","RR","--","14.5 - 16.0 p"
"V0566 Ara","000-BDG-469","17 49 20.75 -46 50 14.1","Ara","RR","--","16.0 - 17.0 p"
"V0567 Ara","000-BDG-470","17 50 35.13 -53 48 53.8","Ara","RR","--","15.0 - 16.0 p"
"V0568 Ara","000-BDG-471","17 51 24.67 -46 05 10.6","Ara","RR","--","15.5 - 17.0 p"
"V0569 Ara","000-BDG-472","17 51 30.95 -46 32 14.1","Ara","RR","--","15.0 - 16.0 p"
"V0570 Ara","000-BDG-473","17 53 12.53 -55 09 32.9","Ara","RR","--","14.5 - 16.0 p"
"V0571 Ara","000-BDG-474","17 53 04.75 -52 31 26.1","Ara","RR","--","16.0 - 17.0 p"
"V0572 Ara","000-BDG-475","17 53 15.81 -50 07 35.2","Ara","RR","--","15.0 - 16.0 p"
"V0573 Ara","000-BDG-476","17 53 23.17 -50 22 52.5","Ara","RR","--","15.0 - 16.0 p"
"V0574 Ara","000-BDG-477","17 53 43.58 -49 15 45.9","Ara","RR","--","14.5 - 15.5 p"
"V0575 Ara","000-BDG-478","17 53 53.03 -49 10 20.0","Ara","RR","--","15.0 - 16.0 p"
"V0576 Ara","000-BDG-479","17 54 27.56 -53 02 44.7","Ara","RR","--","14.5 - 15.5 p"
"V0577 Ara","000-BDG-480","17 53 59.20 -47 42 47.9","Ara","RR","--","16.5 - 17.5 p"
"V0578 Ara","000-BDG-481","17 54 20.91 -50 01 38.1","Ara","RR","--","16.0 - 17.0 p"
"V0579 Ara","000-BDG-482","17 54 33.87 -51 22 37.8","Ara","RR","--","15.0 - 16.0 p"
"V0580 Ara","000-BDG-483","17 54 14.54 -46 58 11.0","Ara","RR","--","15.0 - 16.5 p"
"V0581 Ara","000-BDG-484","17 54 42.05 -51 15 57.9","Ara","RR","--","15.0 - 16.0 p"
"V0582 Ara","000-BDG-485","17 54 33.41 -46 42 41.3","Ara","RR","--","15.0 - 16.0 p"
"V0583 Ara","000-BDG-486","17 54 58.95 -46 02 04.5","Ara","RR","--","16.0 - 17.0 p"
"V0584 Ara","000-BDG-487","17 55 39.75 -52 47 15.2","Ara","RR","--","15.0 - 16.0 p"
"V0586 Ara","000-BDG-489","17 56 00.02 -46 30 09.4","Ara","RR","--","14.5 - 15.5 p"
"V0587 Ara","000-BDG-490","17 56 50.43 -48 46 19.4","Ara","RR","--","15.5 - 17.0 p"
"V0588 Ara","000-BDG-491","17 57 32.20 -47 18 21.9","Ara","RR","--","14.5 - 15.5 p"
"V0589 Ara","000-BDG-492","17 58 39.52 -55 05 21.1","Ara","RR","--","15.5 - 16.5 p"
"V0590 Ara","000-BDG-493","17 57 42.76 -45 33 22.7","Ara","RR","--","15.0 - 16.0 p"
"V0591 Ara","000-BDG-494","17 58 59.71 -47 38 40.3","Ara","RR","--","14.5 - 15.5 p"
"V0592 Ara","000-BDG-495","18 01 10.63 -48 55 49.3","Ara","RR","--","15.0 - 16.0 p"
"V0595 Ara","000-BDG-498","18 02 21.59 -47 12 57.8","Ara","RR","--","15.0 - 16.0 p"
"V0596 Ara","000-BDG-499","18 03 03.18 -50 07 49.7","Ara","RR","--","16.0 - 17.0 p"
"V0597 Ara","000-BDG-500","18 03 09.53 -47 20 02.1","Ara","RR","--","15.0 - 16.0 p"
"V0598 Ara","000-BDG-501","18 03 58.73 -47 47 09.4","Ara","RR","--","15.0 - 16.0 p"
"V0599 Ara","000-BDG-502","18 05 18.41 -47 58 45.2","Ara","RR","--","15.0 - 16.0 p"
"V0600 Ara","000-BDG-503","18 05 18.98 -47 39 57.3","Ara","RR","--","15.5 - 16.5 p"
"V0601 Ara","000-BDG-504","18 05 32.09 -47 08 32.2","Ara","RR","--","16.0 - 17.0 p"
"V0602 Ara","000-BDG-505","18 05 40.90 -48 21 50.4","Ara","RR","--","14.5 - 15.5 p"
"V0603 Ara","000-BDG-506","18 07 27.97 -47 15 21.7","Ara","RR","--","15.0 - 16.0 p"
"V0604 Ara","000-BDG-507","18 07 41.83 -45 48 38.4","Ara","RR","--","15.0 - 16.0 p"
"V0605 Ara","000-BDG-508","18 07 45.65 -45 31 12.8","Ara","RR","--","15.0 - 16.0 p"
"V0606 Ara","000-BDG-509","18 08 02.79 -48 19 15.8","Ara","RR","--","15.0 - 16.0 p"
"V0607 Ara","000-BDG-510","18 09 01.60 -51 44 09.5","Ara","RR","--","15.0 - 16.0 p"
"V0613 Ara","000-BDG-515","18 07 44.31 -54 26 30.9","Ara","RR","--","15.5 - 17.0 p"
"V0627 Ara","000-BDG-529","17 49 34.08 -56 58 12.2","Ara","RR","--","16.2 - 16.7 p"
"V0730 Ara","000-BDG-627","17 09 08.49 -57 29 10.4","Ara","RR","--","15.3 - 16.0 p"
"V0742 Ara","000-BDG-639","17 19 48.41 -60 49 30.4","Ara","RR","--","16.0 - 16.9 p"
"V0747 Ara","000-BDG-644","17 22 34.06 -57 57 28.6","Ara","RR","--","15.8 - 16.3 p"
"V0749 Ara","000-BDG-646","17 24 20.51 -61 09 26.5","Ara","RR","--","14.9 - 15.4 p"
"V0751 Ara","000-BDG-647","17 31 46.37 -60 38 53.9","Ara","RR","--","16.0 - 16.9 p"
"V0752 Ara","000-BDG-648","17 32 14.27 -59 38 05.2","Ara","RR","--","16.5 - 17.1 p"
"V0753 Ara","000-BDG-649","17 36 44.15 -58 06 39.1","Ara","RR","--","17.0 - 17.8 p"
"V0754 Ara","000-BDG-650","17 36 44.55 -57 58 45.5","Ara","RR","--","17.2 - 18.0 p"
"V0756 Ara","000-BDG-652","17 39 05.00 -58 46 24.7","Ara","RR","--","16.7 - 17.5 p"
"V0757 Ara","000-BDG-653","17 40 29.35 -60 29 05.9","Ara","RR","--","16.3 - 17.1 p"
"V0759 Ara","000-BDG-655","17 40 49.12 -58 39 51.5","Ara","RR","--","16.1 - 16.8 p"
"V0765 Ara","000-BDG-661","18 03 34.63 -47 14 42.9","Ara","RR","--","15.0 - 16.0 p"
"V0904 Ara","--","17 11 45.09 -60 26 14.0","Ara","RR","0.3735","12.28 (0.047) I"
"NSV 10196","--","18 07 32.00 -52 13 12.0","Ara","RR","--","15.5 - 16.2 p"
"UNSW-V 164","--","17 01 43.90 -60 55 13.0","Ara","RR","0.31845","12.01 (0.043) I"
"UNSW-V 197","--","17 10 14.40 -60 29 40.3","Ara","RR","0.57929","10.81 (0.016) I"
"UNSW-V 227","--","17 00 55.70 -58 20 35.7","Ara","RR","0.37163","12.14 (0.035) I"
"UNSW-V 279","--","17 12 21.60 -58 06 02.7","Ara","RR","0.56798","13.17 (0.091) I"
"CSS_J020224.3+200717","--","02 02 24.37 +20 07 16.9","Ari","RR","0.3702055","16.0 - 16.8 CV"
"CR Aur","000-BDG-840","06 28 58.91 +43 45 45.0","Aur","RR","0.59141","13.8 - 14.9 p"
"NGC 2126 V19","--","06 00 07.54 +49 30 07.5","Aur","RR","0.5375","14.64 (0.279) i"
"WISE J054744.7+494311","--","05 47 44.76 +49 43 11.1","Aur","RR","0.4474479","14.098 (0.473) W1"
"V0606 Cam","--","05 21 39.08 +62 20 18.7","Cam","RR","0.465324","14.04 - 14.72 R"
"NSVS 949798","--","13 21 28.73 +82 53 33.1","Cam","RR","0.58702059","11.88 (0.32) R1"
"WISE J033747.8+645955","--","03 37 47.82 +64 59 55.4","Cam","RR","0.3414813","14.179 (0.630) W1"
"WISE J065945.1+705454","--","06 59 45.12 +70 54 54.2","Cam","RR","0.4348964","12.506 (0.285) W1"
"AW CMi","000-BDJ-034","07 12 47.77 +08 33 09.0","CMi","RR","1.04:/N","16.0 - <16.5 p"
"LN Car","000-BDJ-296","09 06 20.23 -73 57 23.2","Car","RR","--","15.0 - 16.0 p"
"LO Car","000-BDJ-297","09 09 01.57 -66 08 44.5","Car","RR","--","14.5 - 15.5 p"
"LU Car","000-BDJ-303","09 13 33.07 -70 16 32.3","Car","RR","--","14.5 - 15.5 p"
"LV Car","000-BDJ-304","09 15 09.21 -66 08 46.9","Car","RR","--","15.0 - 16.0 p"
"LX Car","000-BDJ-306","09 18 22.53 -67 55 17.5","Car","RR","--","16.0 - 17.0 p"
"LY Car","000-BDJ-307","09 18 06.25 -73 32 03.7","Car","RR","--","15.5 - 16.5 p"
"LZ Car","000-BDJ-308","09 22 37.99 -69 34 40.0","Car","RR","--","14.5 - 15.5 p"
"MM Car","000-BDJ-309","09 25 01.70 -71 13 51.4","Car","RR","--","15.0 - 16.0 p"
"MO Car","000-BDJ-310","09 26 58.33 -70 30 40.1","Car","RR","--","14.0 - 15.0 p"
"MP Car","000-BDJ-311","09 28 29.31 -67 26 07.8","Car","RR","--","14.0 - 15.0 p"
"MQ Car","000-BDJ-312","09 28 53.77 -70 04 16.1","Car","RR","--","14.5 - 15.0 p"
"MR Car","000-BDJ-313","09 29 24.17 -69 52 35.2","Car","RR","--","16.0 - 17.0 p"
"MS Car","000-BDJ-314","09 30 27.59 -66 20 30.2","Car","RR","--","16.0 - 17.0 p"
"MT Car","000-BDJ-315","09 30 52.71 -68 06 40.1","Car","RR","--","16.0 - 17.0 p"
"MU Car","000-BDJ-316","09 31 29.65 -68 07 32.8","Car","RR","--","14.0 - 15.5 p"
"MX Car","000-BDJ-319","09 37 39.24 -66 34 26.7","Car","RR","--","15.0 - 16.5 p"
"MY Car","000-BDJ-320","09 37 22.42 -68 08 40.7","Car","RR","--","15.0 - 16.5 p"
"MZ Car","000-BDJ-321","09 37 29.81 -67 38 20.0","Car","RR","--","13.5 - 14.0 p"
"NQ Car","000-BDJ-325","09 41 47.05 -70 05 15.5","Car","RR","--","14.5 - 15.0 p"
"NS Car","000-BDJ-327","09 42 06.08 -68 50 19.4","Car","RR","--","15.0 - 16.0 p"
"NX Car","000-BDJ-331","09 47 46.59 -68 20 43.7","Car","RR","--","15.0 - 16.0 p"
"OP Car","000-BDJ-335","09 54 52.90 -72 38 21.1","Car","RR","--","16.0 - 17.0 p"
"OU Car","000-BDJ-339","09 59 04.13 -72 19 18.2","Car","RR","--","15.5 - 16.5 p"
"OX Car","000-BDJ-342","10 04 39.13 -70 10 05.2","Car","RR","--","15.0 - 16.0 p"
"OZ Car","000-BDJ-343","10 10 38.05 -72 56 23.0","Car","RR","--","14.0 - 14.5 p"
"WISE J103639.7-640253","--","10 36 39.78 -64 02 53.4","Car","RR","0.427074","12.501 (0.237) W1"
"Cl* NGC 7789 JKR 45","--","23 57 53.72 +56 42 44.5","Cas","RR","0.7334","15.78 - ? V"
"NSVS 269243","--","01 12 58.25 +76 08 08.6","Cas","RR","0.47749343","12.91 (0.51) R1"
"NSVS 433738","--","03 29 44.66 +77 04 00.1","Cas","RR","0.51446639","14.57 (1.01) R1"
"WISE J000823.9+552812","--","00 08 23.92 +55 28 12.5","Cas","RR","0.4466689","13.350 (0.289) W1"
"WISE J015331.2+642527","--","01 53 31.22 +64 25 27.9","Cas","RR","0.3246943","13.249 (0.502) W1"
"WISE J020216.6+715233","--","02 02 16.60 +71 52 33.6","Cas","RR","0.4469974","12.893 (0.307) W1"
"WISE J234242.1+611008","--","23 42 42.16 +61 10 08.5","Cas","RR","0.4269787","11.936 (0.176) W1"
"DS Cen","000-BDK-376","13 21 40.88 -50 17 26.1","Cen","RR","--","14.9 - 15.8 p"
"DW Cen","000-BDK-380","13 24 25.94 -52 41 44.6","Cen","RR","--","15.0 - 15.8 p"
"FR Cen","000-BDK-415","13 43 35.37 -49 40 20.0","Cen","RR","--","15.2 - 16.3 p"
"FS Cen","000-BDK-416","13 44 07.18 -51 52 08.4","Cen","RR","--","15.3 - 15.8 p"
"FT Cen","000-BDK-417","13 44 17.47 -51 44 00.4","Cen","RR","--","16.0 - <16.5 p"
"FX Cen","000-BDK-421","13 45 21.47 -53 33 15.5","Cen","RR","--","14.5 - 15.4 p"
"GH Cen","000-BDK-425","13 46 16.89 -51 35 50.5","Cen","RR","0.45082","15.9 - 16.6 p"
"GR Cen","000-BDK-434","13 48 25.73 -51 05 28.6","Cen","RR","--","16.1 - <16.7 p"
"GU Cen","000-BDK-437","13 49 57.38 -50 48 12.5","Cen","RR","--","15.9 - <16.5 p"
"GW Cen","000-BDK-439","13 50 22.12 -49 17 41.4","Cen","RR","--","14.1 - 15.3 p"
"HN Cen","000-BDK-448","13 52 16.86 -51 06 39.1","Cen","RR","--","15.2 - 15.8 p"
"V0458 Cen","000-BDK-655","12 46 27.89 -31 33 15.7","Cen","RR","0.574","14.6 - 16.0 p"
"V0461 Cen","000-BDK-658","12 47 15.87 -32 28 41.8","Cen","RR","0.68","14.7 - 16.0 p"
"V0479 Cen","000-BDK-676","12 54 01.28 -32 41 34.4","Cen","RR","0.517","14.4 - 15.2 p"
"V0642 Cen","000-BDK-823","14 43 27.29 -41 02 05.7","Cen","RR","--","15.7 - 16.5 p"
"V0667 Cen","000-BDK-842","14 30 59.58 -35 13 48.6","Cen","RR","0.60135","13.3 - 14.2 p"
"V0703 Cen","000-BDK-878","13 52 15.09 -56 15 08.6","Cen","RR","0.6668608","14.2 - 14.8 p"
"NSVS 18739954","--","13 03 31.60 -33 10 42.5","Cen","RR","0.89568056","13.12 (0.64) R1"
"UNSW-V 433","--","12 48 51.00 -45 20 40.4","Cen","RR","0.84471","11.95 (0.047) I"
"WISE J120309.1-493624","--","12 03 09.18 -49 36 24.7","Cen","RR","0.4050708","13.288 (0.348) W1"
"WISE J133916.1-503901","--","13 39 16.14 -50 39 01.6","Cen","RR","0.4445211","12.264 (0.185) W1"
"WISE J140118.1-532338","--","14 01 18.15 -53 23 38.1","Cen","RR","0.436945","11.547 (0.190) W1"
"EW Cep","000-BDL-270","01 53 30.71 +85 03 44.8","Cep","RR","--","17.0 - 18.0 p"
"NSVS 1372821","--","22 12 17.35 +72 39 34.2","Cep","RR","0.31085342","13.94 (0.85) R1"
"NSVS 1439692","--","23 33 59.19 +76 48 54.7","Cep","RR","0.61334328","10.45 (0.28) R1"
"WISE J220115.4+652202","--","22 01 15.40 +65 22 02.5","Cep","RR","0.4355545","12.964 (0.153) W1"
"WISE J230413.9+690558","--","23 04 13.95 +69 05 58.4","Cep","RR","0.4297317","11.727 (0.233) W1"
"RT Cha","000-BDL-861","10 10 31.70 -80 36 16.0","Cha","RR","0.3551095","14.0 - 15.0 p"
"AD Cha","000-BDL-903","11 52 06.00 -79 46 23.8","Cha","RR","0.46645","15.3 - 16.3 p"
"AI Cha","000-BDL-908","12 05 03.04 -79 32 30.3","Cha","RR","--","16.0 - 17.0 p"
"AY Cha","000-BDL-923","12 46 06.26 -78 43 03.6","Cha","RR","--","15.0 - 16.0 p"
"BD Cha","000-BDL-927","13 03 58.94 -80 27 25.3","Cha","RR","0.54604","14.8 - 15.6 p"
"BH Cha","000-BDL-931","13 05 42.91 -76 57 01.5","Cha","RR","0.391636","14.5 - 16.1 p"
"BY Cha","000-BDL-946","13 34 48.66 -76 45 55.6","Cha","RR","--","14.5 - 15.5 p"
"CD Cha","000-BDL-949","08 53 12.75 -76 00 36.6","Cha","RR","--","14.1 - 14.8 p"
"XX Cir","000-BDM-045","14 29 33.53 -68 37 58.0","Cir","RR","0.41905","14.0 - 15.5 p"
"AH Cir","000-BDM-057","14 49 29.91 -69 39 15.9","Cir","RR","--","14.8 - 16.2 p"
"BC Cir","000-BDM-071","14 51 26.24 -70 29 26.3","Cir","RR","--","15.0 - 16.0 p"
"BH Cir","000-BDM-076","15 17 51.17 -64 00 57.8","Cir","RR","--","15.5 - 16.5 p"
"UNSW-V 773","--","14 40 40.80 -68 23 16.8","Cir","RR","0.55176","11.03 (0.012) I"
"UNSW-V 810","000-BJP-506","14 50 13.30 -69 45 18.5","Cir","RR","0.73718","11.7 (0.021) I"
"UNSW-V 822","--","14 55 15.70 -68 20 49.7","Cir","RR","0.51588","12.28 (0.124) I"
"HT Com","000-BDM-364","12 27 36.82 +24 13 57.7","Com","RR","--","16.4 - 17.5 p"
"DT CrA","000-BDM-531","17 58 39.31 -38 05 34.3","CrA","RR","0.45111","15.4 - 16.8: p"
"EH CrA","000-BDM-541","18 00 25.13 -37 40 06.0","CrA","RR","0.44016","15.4 - 16.8 p"
"EN CrA","000-BDM-546","18 02 02.69 -38 09 13.9","CrA","RR","0.29752","15.2 - 15.9 p"
"EV CrA","000-BDM-554","18 03 06.48 -38 12 08.8","CrA","RR","0.445995","15.2 - 16.4 p"
"FG CrA","000-BDM-560","18 03 55.24 -37 48 07.1","CrA","RR","0.40266","15.6 - 16.8 p"
"FI CrA","000-BDM-562","18 03 59.81 -38 15 12.5","CrA","RR","0.491","14.9 - 16.2 p"
"GN CrA","000-BDM-583","18 08 02.56 -37 07 33.0","CrA","RR","0.53849","14.6 - 15.4 p"
"GP CrA","000-BDM-585","18 08 10.39 -37 33 10.4","CrA","RR","0.43631","15.5 - <16.5 p"
"GT CrA","000-BDM-588","18 09 00.11 -38 14 20.8","CrA","RR","0.45711","15.4 - 16.7: p"
"HH CrA","000-BDM-593","18 10 05.64 -38 03 06.1","CrA","RR","0.4941","15.3 - 16.6 p"
"HO CrA","000-BDM-599","18 11 26.05 -37 46 12.9","CrA","RR","0.48744","15.3 - 16.4 p"
"KV CrA","000-BDM-639","18 00 18.40 -38 30 13.3","CrA","RR","0.45889","15.6 - <16.5 p"
"LQ CrA","000-BDM-649","18 02 07.40 -38 57 17.0","CrA","RR","0.62362","14.2 - 15.0 p"
"LY CrA","000-BDM-657","18 03 09.37 -38 25 30.0","CrA","RR","0.44818","15.5 - 16.6 p"
"LZ CrA","000-BDM-658","18 03 09.65 -38 26 30.3","CrA","RR","0.46881","15.5 - 16.7 p"
"NP CrA","000-BDM-675","18 04 04.93 -39 29 56.4","CrA","RR","--","15.0 - 16.4 p"
"NW CrA","000-BDM-682","18 04 43.48 -40 03 43.2","CrA","RR","--","15.2 - 16.4 p"
"NZ CrA","000-BDM-685","18 05 13.01 -38 36 47.2","CrA","RR","--","15.3 - 16.6 p"
"OZ CrA","000-BDM-697","18 07 15.22 -39 23 02.1","CrA","RR","--","14.7 - 15.8 p"
"V0340 CrA","000-BDM-722","18 11 11.97 -40 38 52.3","CrA","RR","0.77007","14.8 - 15.7 p"
"V0342 CrA","000-BDM-724","18 11 25.57 -40 30 38.4","CrA","RR","0.72019","15.0 - 15.7 p"
"V0348 CrA","000-BDM-729","18 12 29.09 -40 34 41.5","CrA","RR","0.435","15.6 - 16.8 p"
"V0357 CrA","000-BDM-738","18 14 10.43 -40 01 18.1","CrA","RR","0.61527","15.5 - 16.6 p"
"V0363 CrA","000-BDM-744","18 15 14.99 -40 23 35.4","CrA","RR","0.45","15.3 - 16.5 p"
"V0453 CrA","000-BDM-824","17 59 32.00 -45 14 26.9","CrA","RR","--","14.0 - 15.0 p"
"V0457 CrA","000-BDM-828","17 59 44.14 -42 03 48.8","CrA","RR","0.2540511","13.6 - 14.1 p"
"V0466 CrA","000-BDM-837","18 01 37.00 -44 46 56.5","CrA","RR","--","15.0 - 16.0 p"
"V0488 CrA","000-BDM-859","18 06 41.73 -42 52 45.5","CrA","RR","0.513188","15.1 - 15.7 p"
"V0500 CrA","000-BDM-871","18 10 00.30 -44 44 05.4","CrA","RR","--","14.5 - 15.5 p"
"V0505 CrA","000-BDM-876","18 11 07.23 -45 08 52.7","CrA","RR","--","16.0 - 17.0 p"
"V0507 CrA","000-BDM-878","18 11 29.37 -45 17 15.0","CrA","RR","--","15.0 - 16.0 p"
"V0510 CrA","000-BDM-881","18 12 03.35 -45 02 38.3","CrA","RR","--","15.0 - 16.0 p"
"V0565 CrA","000-BDM-935","18 22 46.20 -44 46 22.1","CrA","RR","--","14.0 - 15.0 p"
"V0575 CrA","000-BDM-945","18 24 11.15 -42 47 50.5","CrA","RR","0.5601738","13.7 - 14.1 p"
"V0672 CrA","000-BDN-038","17 59 21.34 -40 40 26.8","CrA","RR","--","14.8 - 15.6 p"
"Raf V127","--","18 55 04.80 -38 33 40.0","CrA","RR","--","--"
"ST Crt","000-BDN-151","11 41 56.48 -13 47 09.1","Crt","RR","--","14.7 - 15.8 p"
"OZ Cyg","000-BDN-401","19 55 15.65 +38 15 34.6","Cyg","RR","0.492:","16.6 - 17.9 p"
"V1137 Cyg","000-BDP-052","19 36 54.80 +51 03 45.9","Cyg","RR","2/N","16.0 - 17.0 p"
"V1181 Cyg","000-BDP-085","20 10 25.83 +54 38 44.0","Cyg","RR","--","16.5 - 17.0 p"
"V1184 Cyg","000-BDP-087","20 12 33.13 +54 16 15.9","Cyg","RR","0.58771:","16.2 - 17.0 p"
"V1209 Cyg","000-BDP-111","20 46 56.66 +33 21 13.6","Cyg","RR","--","17.0 - 18.0 p"
"V1227 Cyg","000-BDP-127","21 08 26.81 +45 48 59.6","Cyg","RR","--","16.0 - 17.0 p"
"V1370 Cyg","000-BDP-242","20 13 49.95 +40 28 23.1","Cyg","RR","0.3354:","16.6 - 17.9 p"
"V1573 Cyg","000-BDP-407","21 42 28.07 +43 15 57.6","Cyg","RR","--","17.2 - <17.6 p"
"NSVS 3208553","--","20 00 56.84 +52 10 43.6","Cyg","RR","0.56092657","11.78 (0.22) R1"
"NSVS 3222038","--","20 14 53.23 +53 45 03.4","Cyg","RR","0.53169241","12.18 (0.76) R1"
"NSVS 5725819","--","20 18 51.36 +45 21 31.4","Cyg","RR","0.60556979","9.75 (0.34) R1"
"NSVS 5786595","--","20 30 26.12 +48 53 50.7","Cyg","RR","0.90335","13.458 (0.234) R1"
"NSVS 5997617","--","21 59 07.56 +47 59 22.2","Cyg","RR","0.77701","13.069 (0.208) R1"
"NSVS 8485752","--","20 09 39.00 +35 59 32.3","Cyg","RR","0.57950537","10.10 (0.20) R1"
"WISE J193253.6+275106","--","19 32 53.64 +27 51 06.6","Cyg","RR","0.4469882","12.138 (0.284) W1"
"WISE J200546.6+523202","--","20 05 46.68 +52 32 02.4","Cyg","RR","0.4334614","12.725 (0.157) W1"
"WISE J200951.8+294225","--","20 09 51.87 +29 42 25.8","Cyg","RR","0.4290371","12.604 (0.230) W1"
"WISE J215539.4+413823","--","21 55 39.46 +41 38 23.5","Cyg","RR","0.4315918","12.675 (0.266) W1"
"WISE J215803.8+481011","--","21 58 03.89 +48 10 11.6","Cyg","RR","0.3258867","13.972 (0.537) W1"
"GH Del","000-BDQ-175","20 23 48.27 +13 58 31.1","Del","RR","--","14.9 - 16.0 p"
"SY Dor","000-BDQ-277","05 03 49.54 -69 04 14.1","Dor","RR","--","13.0 - 13.8 p"
"UU Dor","000-BDQ-286","05 45 07.42 -69 52 14.3","Dor","RR","--","14.2 - 14.8 p"
"UX Dor","000-BDQ-289","05 53 05.56 -69 29 01.5","Dor","RR","--","15.0 - 15.7 p"
"NSVS 1081882","--","16 48 49.53 +69 51 27.7","Dra","RR","0.63936128","13.05 (0.48) R1"
"NSVS 3127757","--","19 39 54.40 +67 54 33.0","Dra","RR","0.39336813","9.55 (0.21) R1"
"WISE J164534.6+512244","--","16 45 34.63 +51 22 44.4","Dra","RR","0.4291594","11.254 (0.118) W1"
"WISE J194941.8+653200","--","19 49 41.81 +65 32 00.9","Dra","RR","0.4331289","12.540 (0.130) W1"
"WISE J201501.5+852214","--","20 15 01.51 +85 22 14.9","Dra","RR","0.4333755","11.488 (0.132) W1"
"CE Eri","000-BDQ-581","01 27 47.86 -57 00 36.4","Eri","RR","--","15.0 - 15.5 p"
"CG Eri","000-BDQ-583","01 36 58.54 -55 13 00.2","Eri","RR","--","14.5 - 15.5 p"
"CH Eri","000-BDQ-584","01 37 01.09 -55 32 56.6","Eri","RR","--","15.5 - 16.0 p"
"HS Gem","000-BDQ-862","06 15 23.60 +23 49 53.6","Gem","RR","--","15.5 - 16.5 p"
"NSVS 9838207","--","06 38 12.96 +12 58 27.6","Gem","RR","0.44149231","12.47 (0.41) R1"
"WISE J064707.3+272127","--","06 47 07.35 +27 21 27.8","Gem","RR","0.4355423","12.972 (0.374) W1"
"WISE J071649.3+134202","--","07 16 49.40 +13 42 02.5","Gem","RR","0.3319368","13.710 (0.517) W1"
"BQ Gru","000-BDR-051","21 33 30.47 -45 09 53.1","Gru","RR","--","19.6 - 20.4 B"
"V0436 Her","000-BDR-364","17 41 26.19 +19 09 49.4","Her","RR","0.51485","15.8 - 17.0 p"
"V0519 Her","000-BDR-436","17 42 39.91 +26 05 10.0","Her","RR","0.316:","15.7 - 16.4 p"
"TAOS 151-05","--","17 33 35.64 +27 39 19.8","Her","RR","0.439","12.869 - ? CR"
"WISE J172508.1+371155","--","17 25 08.16 +37 11 55.8","Her","RR","0.4412721","10.688 (0.222) W1"
"WISE J184426.3+140010","--","18 44 26.31 +14 00 10.9","Her","RR","0.4215719","12.163 (0.228) W1"
"RW Hor","000-BDR-897","02 55 58.88 -64 27 33.1","Hor","RR","0.300939","14.9 - 15.9 p"
"DW Hya","000-BDS-037","11 56 29.69 -33 41 24.8","Hya","RR","0.63209","14.1 - 15.1 p"
"DY Hya","000-BDS-039","12 00 46.05 -33 51 13.6","Hya","RR","0.51561","13.9 - 15.0 p"
"UNSW-V 355","--","09 15 29.60 -23 39 49.0","Hya","RR","0.33164","11.07 (0.018) I"
"UNSW-V 406","--","09 12 22.40 -22 25 49.7","Hya","RR","0.65019","10.48 (0.009) I"
"UNSW-V 409","--","09 12 49.20 -21 49 28.0","Hya","RR","0.26774","9.34 (0.002) I"
"WISE J094406.6-185809","--","09 44 06.65 -18 58 09.3","Hya","RR","0.332757","12.176 (0.272) W1"
"Z Hyi","000-BDS-253","00 48 19.15 -76 59 59.8","Hyi","RR","0.45038","15.0 - 16.3 p"
"SS Hyi","000-BDS-262","01 38 17.15 -75 33 47.6","Hyi","RR","0.54888","14.8 - 16.2 p"
"SZ Hyi","000-BDS-268","01 10 01.07 -75 29 11.6","Hyi","RR","0.44108","14.8 - 16.0 p"
"TX Hyi","000-BDS-272","02 27 05.12 -71 16 14.2","Hyi","RR","0.482601","14.9 - 15.8 p"
"UW Hyi","000-BDS-277","03 40 08.55 -69 17 05.1","Hyi","RR","0.5405","13.8 - 15.2 p"
"VV Hyi","000-BDS-281","03 58 09.42 -73 11 21.3","Hyi","RR","0.480324","14.0 - 15.4 p"
"VY Hyi","000-BDS-283","00 48 16.68 -74 35 51.3","Hyi","RR","--","13.3 - 14.3 p"
"XX Hyi","000-BDS-288","02 13 00.00 -75 54 20.0","Hyi","RR","0.4912154","15.2 - 16.0 p"
"AE Hyi","000-BDS-298","00 49 39.56 -76 04 34.7","Hyi","RR","0.726","15.7 - 16.4 p"
"AO Hyi","000-BDS-307","03 02 34.13 -72 36 22.8","Hyi","RR","--","15.0 - 16.0 p"
"AQ Hyi","000-BDS-309","03 31 34.38 -70 59 38.1","Hyi","RR","--","15.5 - 16.5 p"
"AR Hyi","000-BDS-310","03 35 13.57 -72 35 19.6","Hyi","RR","--","15.0 - 15.5 p"
"AS Hyi","000-BDS-311","03 47 51.06 -72 34 29.6","Hyi","RR","--","15.0 - 16.0 p"
"AU Hyi","000-BDS-313","03 51 55.26 -74 28 34.8","Hyi","RR","--","15.0 - 16.0 p"
"BC Hyi","000-BDS-320","03 23 27.70 -72 07 41.9","Hyi","RR","--","13.8 - 14.4 p"
"BU Hyi","000-BDS-335","03 40 51.21 -71 55 16.4","Hyi","RR","--","16.96 - 17.57 B"
"BV Hyi","000-BDS-336","03 42 07.68 -71 51 32.7","Hyi","RR","--","19.63 - 20.29 B"
"YZ Ind","000-BDS-394","20 51 01.06 -58 26 43.0","Ind","RR","--","15.0 - <16.0 p"
"AS Ind","000-BDS-413","20 32 28.51 -55 27 59.3","Ind","RR","0.3987:","13.9 - 14.6 p"
"BF Ind","000-BDS-424","21 21 58.73 -46 21 58.0","Ind","RR","--","18.6 - 19.5 B"
"GP Lac","000-BDS-582","22 12 17.49 +45 30 52.5","Lac","RR","--","15.5 - 16.5 p"
"NSV 14216","--","22 34 12.30 +45 06 12.0","Lac","RR","0.40468419","12.8 - 13.8 p"
"NSVS 6056190","--","22 30 06.23 +48 47 58.6","Lac","RR","0.47783735","12.91 (0.66) R1"
"NSVS 6058095","--","22 32 01.90 +48 07 01.5","Lac","RR","0.59878933","11.90 (0.40) R1"
"WISE J221254.4+511732","--","22 12 54.43 +51 17 32.4","Lac","RR","0.440963","13.156 (0.318) W1"
"EL Lib","000-BDT-098","15 42 55.93 -16 31 41.8","Lib","RR","--","14.1 - 15.0 p"
"GQ Lib","000-BDT-137","15 56 57.80 -16 41 57.7","Lib","RR","--","15.5 - <16.3 p"
"HH Lib","000-BDT-145","15 33 02.66 -14 20 05.8","Lib","RR","--","14.5 - 15.5 p"
"TZ Lup","000-BDT-200","14 50 15.69 -52 28 20.6","Lup","RR","0.41:","14.5 - 16.5 p"
"VZ Lup","000-BDT-211","14 58 11.11 -45 56 13.0","Lup","RR","0.571","14.0 - 15.2 p"
"AN Lup","000-BDT-232","15 20 58.25 -48 24 41.3","Lup","RR","--","13.7 - 15.3 p"
"FX Lup","000-BDT-349","15 22 44.75 -30 13 15.5","Lup","RR","--","16.0 - 17.0 p"
"WISE J142553.3-494935","--","14 25 53.35 -49 49 35.1","Lup","RR","0.4365906","13.435 (0.466) W1"
"WISE J153242.1-472745","--","15 32 42.11 -47 27 45.1","Lup","RR","0.421358","12.025 (0.296) W1"
"WISE J154704.9-450128","--","15 47 04.90 -45 01 28.1","Lup","RR","0.4388003","11.634 (0.254) W1"
"V0465 Lyr","000-BDT-873","18 40 14.00 +35 49 26.3","Lyr","RR","0.99585:","13.5 - 13.9 p"
"WISE J183122.5+303644","--","18 31 22.59 +30 36 44.5","Lyr","RR","0.4209648","13.001 (0.243) W1"
"WISE J185300.4+353355","--","18 53 00.45 +35 33 55.7","Lyr","RR","0.4364516","12.075 (0.154) W1"
"Y Men","000-BDT-979","03 47 08.24 -76 39 10.1","Men","RR","0.46675","14.3 - 15.7 p"
"Z Men","000-BDT-980","04 15 51.57 -74 43 37.3","Men","RR","0.68781","13.9 - 15.2 p"
"RW Men","000-BDT-985","06 22 41.84 -71 40 42.5","Men","RR","--","14.8 - 16.0 p"
"RZ Men","000-BDT-988","03 49 16.53 -78 40 27.4","Men","RR","--","15.0 - 16.0 p"
"SS Men","000-BDT-989","03 53 38.40 -76 24 34.3","Men","RR","--","14.0 - 15.0 p"
"SV Men","000-BDT-992","04 13 12.95 -76 26 38.1","Men","RR","--","15.5 - 16.0 p"
"TT Men","000-BDT-997","04 41 42.70 -74 57 28.4","Men","RR","--","15.0 - 15.5 p"
"AI Mic","000-BDV-079","21 08 01.36 -39 28 08.4","Mic","RR","0.232034","13.8 - 14.6 p"
"AQ Mic","000-BDV-085","21 13 37.18 -42 29 56.8","Mic","RR","--","15.6 - 16.7 p"
"BK Mic","000-BDV-099","21 27 10.00 -44 43 56.1","Mic","RR","--","19.6 - 20.4 B"
"BL Mic","000-BDV-100","21 27 24.65 -43 37 53.2","Mic","RR","--","16.9 - 18.4 B"
"BEST-II LRa02a2_08275","--","06 49 08.90 -03 41 14.7","Mon","RR","0.740","15.93 (0.04) CR"
"BEST-II LRa02a2_09051","--","06 48 28.30 -04 21 12.9","Mon","RR","0.3138","16.83 (0.07) CR"
"BEST-II LRa02a2_14296","--","06 50 36.90 -03 18 25.1","Mon","RR","0.877","16.78 (0.09) CR"
"BEST-II LRa02a2_14319","--","06 50 16.70 -03 35 03.1","Mon","RR","0.905","16.73 (0.08) CR"
"BEST-II LRa02a2_17274","--","06 49 53.50 -04 18 07.4","Mon","RR","0.632","16.52 (0.05) CR"
"BEST-II LRa02a2_17294","--","06 50 43.60 -03 37 29.3","Mon","RR","0.4385","17.26 (0.19) CR"
"BEST-II LRa02a2_17440","--","06 50 19.30 -03 58 30.5","Mon","RR","0.2901","16.72 (0.14) CR"
"BEST-II LRa02a2_22686","--","06 50 58.40 -04 04 15.4","Mon","RR","0.697","17.85 (0.2) CR"
"BEST-II LRa02b2_24293","--","06 49 23.00 -05 46 10.5","Mon","RR","0.853","16.27 (0.08) CR"
"BEST-II LRa02b2_26532","--","06 50 11.40 -05 15 45.5","Mon","RR","0.596","16.59 (0.09) CR"
"BEST-II LRa02b2_39842","--","06 51 19.10 -05 13 40.2","Mon","RR","1.081","16.40 (0.07) CR"
"BEST-II lra2a_00649","--","06 49 22.40 -04 08 15.8","Mon","RR","0.581","12.596 (0.05) CR"
"BEST-II lra2a_00855","--","06 50 51.70 -03 36 41.3","Mon","RR","0.929","15.114 (0.08) CR"
"BEST-II lra2a_00863","--","06 50 03.30 -04 17 08.8","Mon","RR","0.967","13.287 (0.03) CR"
"BEST-II lra2a_00873","--","06 49 58.70 -04 22 29.0","Mon","RR","0.607","15.441 (0.12) CR"
"BEST-II lra2a_01163","--","06 51 18.20 -04 07 40.4","Mon","RR","0.530","15.243 (0.08) CR"
"BEST-II lra2a_01269","--","06 52 14.10 -03 46 01.7","Mon","RR","0.628","12.845 (0.08) CR"
"BEST-II lra2a_01293","--","06 52 25.70 -03 40 40.4","Mon","RR","0.704","15.697 (0.20) CR"
"BEST-II lra2a_01298","--","06 52 14.30 -03 51 00.3","Mon","RR","0.650","16.919 (0.38) CR"
"BEST-II lra2a_01441","--","06 52 48.30 -03 55 26.9","Mon","RR","0.868","14.253 (0.09) CR"
"BEST-II lra2b_00117","--","06 53 39.40 -05 57 26.7","Mon","RR","0.886","14.116 (0.15) CR"
"BEST-II lra2b_00490","--","06 52 03.80 -06 01 46.4","Mon","RR","0.778","14.639 (0.10) CR"
"BEST-II lra2b_00733","--","06 51 47.40 -05 30 42.7","Mon","RR","0.973","15.918 (0.14) CR"
"BEST-II lra2b_00755","--","06 52 05.10 -05 11 48.3","Mon","RR","0.895","14.990 (0.14) CR"
"BEST-II lra2b_01113","--","06 50 10.60 -05 31 34.3","Mon","RR","0.719","13.444 (0.05) CR"
"BEST-II lra2b_01172","--","06 50 09.60 -05 24 55.4","Mon","RR","0.618","13.846 (0.08) CR"
"NSVS 12526433","--","06 48 07.31 +02 00 03.5","Mon","RR","0.29369","13.454 (0.272) R1"
"NSVS 15298495","--","07 04 37.80 -10 04 54.6","Mon","RR","0.79586465","12.21 (0.30) R1"
"VZ Mus","000-BDV-847","13 20 11.75 -70 18 30.4","Mus","RR","--","15.2 - 16.4 p"
"XX Mus","000-BDV-852","13 27 43.77 -70 44 22.6","Mus","RR","--","14.0 - 15.0 p"
"CY Mus","000-BDV-927","11 50 39.94 -67 05 47.9","Mus","RR","--","15.0 - 16.0 p"
"DE Mus","000-BDV-930","12 14 59.06 -68 45 21.1","Mus","RR","--","15.0 - 16.0 p"
"DH Mus","000-BDV-933","12 44 41.76 -71 54 06.4","Mus","RR","--","14.5 - 15.5 p"
"DI Mus","000-BDV-934","12 50 16.44 -69 49 14.7","Mus","RR","--","15.5 - 16.5 p"
"DL Mus","000-BDV-936","12 52 17.06 -69 05 07.5","Mus","RR","--","15.0 - 16.0 p"
"DU Mus","000-BDV-945","12 40 59.81 -67 06 37.9","Mus","RR","--","16.0 - <16.5 p"
"WISE J115456.6-673354","--","11 54 56.68 -67 33 54.9","Mus","RR","0.4331157","11.843 (0.194) W1"
"WY Nor","000-BDW-111","15 41 49.09 -58 20 45.2","Nor","RR","0.536337","15.6 - 16.5 p"
"YZ Nor","000-BDW-117","15 48 37.83 -60 00 54.2","Nor","RR","0.5456","15.5 - 16.2 p"
"BZ Nor","000-BDW-166","16 10 25.94 -58 57 29.4","Nor","RR","--","14.4 - 15.1 p"
"CF Nor","000-BDW-170","16 11 30.77 -60 07 53.8","Nor","RR","0.37633","15.5 - 16.3 p"
"CI Nor","000-BDW-173","16 12 13.44 -60 04 23.8","Nor","RR","0.4578","14.7 - 15.7 p"
"DF Nor","000-BDW-191","16 16 33.25 -59 08 53.8","Nor","RR","--","15.1 - 16.2 p"
"EE Nor","000-BDW-207","16 21 15.57 -59 01 32.9","Nor","RR","--","15.1 - 16.3 p"
"EW Nor","000-BDW-223","16 26 54.44 -58 30 21.7","Nor","RR","0.4726","15.3 - 16.2 p"
"EY Nor","000-BDW-225","16 27 23.56 -60 09 12.2","Nor","RR","0.46346","15.7 - 16.5 p"
"FH Nor","000-BDW-229","16 28 39.03 -59 11 17.0","Nor","RR","--","15.0 - 16.0 p"
"KK Nor","000-BDW-295","16 23 56.33 -56 23 40.0","Nor","RR","--","15.6 - <16.6 p"
"KN Nor","000-BDW-298","16 25 52.18 -59 50 53.5","Nor","RR","--","15.5 - <16.5 p"
"KP Nor","000-BDW-300","16 27 08.96 -60 16 16.5","Nor","RR","--","16.0 - <17.0 p"
"KS Nor","000-BDW-303","16 27 55.67 -58 21 08.9","Nor","RR","--","16.0 - <17.0 p"
"LZ Nor","000-BDW-325","16 15 16.11 -59 54 16.4","Nor","RR","2.036/N","16.0 - <17.0 p"
"WISE J162857.2-433546","--","16 28 57.29 -43 35 46.0","Nor","RR","0.443737","10.893 (0.266) W1"
"XX Oct","000-BDW-460","19 26 56.09 -75 07 34.9","Oct","RR","1/N","16.0 - 16.5 p"
"AQ Oct","000-BDW-480","23 08 51.72 -77 11 15.7","Oct","RR","--","14.5 - 15.0 p"
"AW Oct","000-BDW-486","23 20 40.71 -80 29 11.8","Oct","RR","--","16.0 - 17.0 p"
"NSV 14416","--","23 35 14.00 -89 27 52.0","Oct","RR","0.465790","14.4 - 16.0 p"
"DE Oph","000-BDW-633","16 56 36.52 -30 10 54.6","Oph","RR","0.37573","14.8 - 16.2 p"
"IT Oph","000-BBY-557","17 09 26.38 -28 06 51.9","Oph","RR","--","13.8 - 15.0 p"
"KN Oph","000-BDW-741","17 14 06.88 -29 56 31.5","Oph","RR","--","15.0 - <16.0 p"
"LP Oph","000-BDW-756","16 56 48.07 -29 23 37.3","Oph","RR","--","15.1 - 15.8 p"
"LR Oph","000-BDW-758","16 56 56.61 -29 31 00.6","Oph","RR","--","15.5 - 16.2 p"
"LS Oph","000-BDW-759","16 57 00.28 -30 08 56.5","Oph","RR","--","15.4 - 16.2 p"
"LX Oph","000-BDW-764","16 57 13.78 -29 57 43.5","Oph","RR","--","15.3 - 16.0 p"
"LZ Oph","000-BDW-766","16 57 25.35 -29 22 46.8","Oph","RR","--","15.0 - 15.5 p"
"MQ Oph","000-BDW-771","16 57 54.85 -29 27 51.6","Oph","RR","--","15.3 - 16.0 p"
"NO Oph","000-BDW-782","16 58 41.56 -29 50 52.6","Oph","RR","--","15.6 - 16.2 p"
"NR Oph","000-BDW-785","16 59 09.71 -29 04 47.9","Oph","RR","--","15.5 - 16.1 p"
"NS Oph","000-BDW-786","16 59 16.45 -30 03 19.9","Oph","RR","--","15.1 - 15.7 p"
"NW Oph","000-BDW-790","16 59 42.04 -29 35 07.7","Oph","RR","--","15.5 - 16.5 p"
"NZ Oph","000-BDW-793","16 59 43.03 -29 15 21.7","Oph","RR","0.4634","14.6 - 16.1 p"
"OP Oph","000-BDW-795","16 59 51.01 -29 40 09.4","Oph","RR","--","15.0 - 15.7 p"
"OQ Oph","000-BDW-796","16 59 48.37 -27 11 21.9","Oph","RR","--","15.5 - 16.6 p"
"OS Oph","000-BDW-798","17 00 05.64 -29 19 18.8","Oph","RR","--","15.6 - 16.5 p"
"OT Oph","000-BDW-799","17 00 04.37 -28 54 34.5","Oph","RR","0.44573","15.1 - 16.2 p"
"OV Oph","000-BDW-801","17 00 19.75 -30 00 29.2","Oph","RR","--","15.2 - 15.7 p"
"PQ Oph","000-BDW-807","17 01 13.36 -30 00 32.4","Oph","RR","--","14.4 - 15.0 p"
"V0335 Oph","000-BDW-826","17 03 01.71 -29 16 04.8","Oph","RR","--","15.5 - 16.2 p"
"V0336 Oph","000-BDW-827","17 03 03.98 -29 52 20.9","Oph","RR","--","15.4 - 16.0 p"
"V0346 Oph","000-BDW-837","17 05 14.94 -28 52 17.9","Oph","RR","--","14.7 - 15.4 p"
"V0349 Oph","000-BDW-840","17 05 42.05 -29 40 10.1","Oph","RR","--","14.5 - 15.1 p"
"V0824 Oph","000-BDX-267","17 47 17.62 +07 52 05.7","Oph","RR","--","14.2 - 15.3 p"
"V1106 Oph","000-BDX-530","18 30 23.36 +07 48 16.3","Oph","RR","--","16.0 - 17.0 p"
"V1299 Oph","000-BDX-721","17 04 04.16 -16 38 56.2","Oph","RR","0.6106","16.8 - 17.7 p"
"V1307 Oph","000-BDX-729","17 04 35.26 -21 10 15.9","Oph","RR","0.49008","16.2 - 16.8 p"
"V1439 Oph","000-BDX-860","17 08 28.66 -18 50 00.6","Oph","RR","0.60902","15.7 - 16.4 p"
"V1710 Oph","000-BDY-131","17 15 38.63 -19 59 12.3","Oph","RR","0.59821:","17.1 - 18.3 p"
"V1726 Oph","000-BDY-147","17 16 18.31 -22 17 58.4","Oph","RR","0.46605:","17.6 - 18.5 p"
"V1783 Oph","000-BDY-204","17 17 28.32 -19 43 34.4","Oph","RR","0.40603:","15.8 - 16.3 p"
"V1803 Oph","000-BDY-224","17 17 58.71 -18 01 16.5","Oph","RR","0.52118","16.4 - 17.1 p"
"V1831 Oph","000-BDY-252","17 18 45.37 -18 05 29.7","Oph","RR","0.33764","16.1 - 17.3 p"
"V1836 Oph","000-BDY-257","17 18 53.71 -19 59 33.9","Oph","RR","0.43421","17.4 - 18.4 p"
"V1855 Oph","000-BDY-276","17 19 12.63 -17 23 34.0","Oph","RR","0.54017","15.6 - 16.6 p"
"V1886 Oph","000-BDY-307","17 20 14.39 -22 08 28.2","Oph","RR","0.40111","17.9 - 19.0 p"
"V2008 Oph","000-BDY-429","17 23 11.44 -16 33 18.8","Oph","RR","0.55548:","16.0 - 16.8 p"
"V2197 Oph","000-BDY-598","17 16 14.38 -29 25 46.0","Oph","RR","--","17.5 - 19.3 B"
"V2199 Oph","000-BDY-600","17 16 22.70 -29 11 48.3","Oph","RR","--","18 - 19.8 B"
"Konkoly V20","--","17 33 20.23 +10 46 09.4","Oph","RR","--","17.5 (0.4) Rc"
"Konkoly V21","--","17 33 24.34 +10 47 02.4","Oph","RR","--","17.8 (0.2) Rc"
"NSVS 16518671","--","17 15 12.36 -07 08 41.0","Oph","RR","0.20429","13.369 (0.357) R1"
"WISE J165514.0-161924","--","16 55 14.00 -16 19 25.0","Oph","RR","0.4423195","12.617 (0.328) W1"
"WISE J171105.6-052109","--","17 11 05.67 -05 21 09.1","Oph","RR","0.4356321","11.071 (0.260) W1"
"WISE J171144.1-081526","--","17 11 44.13 -08 15 26.2","Oph","RR","0.4270056","12.504 (0.320) W1"
"WISE J180201.2-064310","--","18 02 01.23 -06 43 11.0","Oph","RR","0.4334587","10.912 (0.257) W1"
"WISE J180436.2-054005","--","18 04 36.28 -05 40 05.7","Oph","RR","0.4468768","12.433 (0.350) W1"
"V1881 Ori","--","05 31 18.14 -00 19 48.6","Ori","RR","0.494007","17.6 - 17.9 V"
"BW Pav","000-BFB-488","17 43 13.86 -59 02 17.5","Pav","RR","--","16.2 - 17.2 p"
"BX Pav","000-BFB-489","17 44 00.44 -59 31 07.5","Pav","RR","--","16.0 - 17.1 p"
"BY Pav","000-BFB-490","17 49 22.06 -58 42 17.4","Pav","RR","--","16.9 - 18.0 p"
"BZ Pav","000-BFB-491","17 50 05.59 -60 05 22.9","Pav","RR","--","15.2 - 16.2 p"
"CC Pav","000-BFB-492","17 53 32.75 -57 09 59.7","Pav","RR","--","15.8 - 17.0 p"
"CK Pav","000-BFB-499","18 09 02.71 -60 13 12.7","Pav","RR","--","15.3 - 16.8 p"
"CL Pav","000-BFB-500","17 45 30.77 -59 41 50.9","Pav","RR","--","15.6 - 17.0 p"
"CO Pav","000-BFB-503","18 10 58.02 -60 24 36.8","Pav","RR","--","13.9 - 15.3 p"
"CV Pav","000-BFB-510","18 24 08.56 -58 23 52.6","Pav","RR","--","14.4 - 15.5 p"
"DD Pav","000-BFB-515","18 53 51.33 -60 07 27.0","Pav","RR","--","14.8 - <16.3 p"
"DQ Pav","000-BFB-525","18 40 41.59 -57 43 04.5","Pav","RR","--","14.5 - 15.5 p"
"FW Pav","000-BFB-572","19 54 55.75 -60 28 44.4","Pav","RR","--","14.5 - <16.0 p"
"KS Pav","000-BFB-636","20 46 16.00 -60 13 18.2","Pav","RR","--","16.2 - <17.2 p"
"LW Pav","000-BFB-654","19 53 11.77 -57 54 20.3","Pav","RR","--","15.8 - <16.8 p"
"OS Pav","000-BFB-687","17 50 44.24 -59 48 44.9","Pav","RR","--","16.6 - 17.5 p"
"OT Pav","000-BFB-688","17 52 05.53 -59 50 38.4","Pav","RR","--","15.8 - 16.6 p"
"OV Pav","000-BFB-690","17 52 05.60 -59 16 43.6","Pav","RR","--","16.2 - 17.1 p"
"OY Pav","000-BFB-693","17 59 18.08 -59 37 21.4","Pav","RR","--","15.8 - 16.6 p"
"UNSW-V 594","--","18 20 30.50 -64 38 42.4","Pav","RR","0.77025","13.62 (0.109) I"
"UNSW-V 640","--","18 32 48.30 -66 32 33.8","Pav","RR","0.49298","12.93 (0.116) I"
"UNSW-V 664","--","21 10 48.60 -66 18 50.6","Pav","RR","0.75186","13.59 (0.177) I"
"NSVS 11693196","--","21 37 49.49 +12 58 06.5","Peg","RR","0.33256","13.475 (0.254) R1"
"NSVS 11742503","--","22 32 26.62 +07 49 45.0","Peg","RR","0.21093","13.006 (0.250) R1"
"MQ Per","000-BFC-181","03 49 48.45 +46 08 27.7","Per","RR","--","17.0 - 18.0 p"
"V0428 Per","000-BFC-299","03 02 35.89 +41 12 04.2","Per","RR","0.664191","14.3 - 15.2 p"
"BEST F2_07861","--","02 41 49.40 +52 35 33.6","Per","RR","0.49185","11.58 (0.018) CR"
"BEST F2_20664","--","02 43 20.80 +51 11 07.7","Per","RR","0.43769","15.26 (0.5) CR"
"NSVS 4296994","--","04 39 33.28 +46 58 08.2","Per","RR","0.42943727","11.95 (0.31) R1"
"RX Phe","000-BFC-510","00 24 22.81 -54 25 27.5","Phe","RR","0.52654","14.2 - 15.1 p"
"RZ Phe","000-BFC-512","01 09 37.79 -56 35 06.1","Phe","RR","0.5562","14.9 - 15.8 p"
"AB Phe","000-BFC-545","01 46 12.78 -47 21 11.3","Phe","RR","--","15.0 - 15.5 p"
"NSVS 18181232","--","08 22 27.29 -37 25 53.6","Pup","RR","0.33361","12.334 (0.329) R1"
"WISE J071906.5-361107","--","07 19 06.52 -36 11 07.6","Pup","RR","0.3244716","13.132 (0.465) W1"
"WISE J073144.4-313150","--","07 31 44.47 -31 31 50.6","Pup","RR","0.4326254","12.194 (0.269) W1"
"WISE J073313.2-264901","--","07 33 13.24 -26 49 01.7","Pup","RR","0.4399422","14.378 (0.653) W1"
"WISE J073816.0-332819","--","07 38 16.09 -33 28 19.1","Pup","RR","0.4275639","12.770 (0.300) W1"
"WISE J075504.2-353351","--","07 55 04.25 -35 33 51.8","Pup","RR","0.4218405","12.919 (0.272) W1"
"WISE J075859.3-131934","--","07 58 59.33 -13 19 34.4","Pup","RR","0.3253319","14.327 (0.714) W1"
"WISE J083948.4-304948","--","08 39 48.44 -30 49 48.7","Pyx","RR","0.3621519","14.011 (0.495) W1"
"Y Ret","000-BFD-318","03 27 40.72 -59 44 44.5","Ret","RR","0.53383","14.7 - 15.8 p"
"Z Ret","000-BFD-319","03 31 26.80 -60 51 02.3","Ret","RR","0.587325","15.0 - 15.8 p"
"IR Sgr","000-BFD-777","18 33 39.90 -25 20 50.5","Sgr","RR","0.347:","13.4 - 15.0 p"
"V0562 Sgr","000-BFF-063","18 02 02.31 -36 15 07.6","Sgr","RR","0.47805","15.5 - 16.5 p"
"V0597 Sgr","000-BFF-098","18 05 45.82 -36 08 48.6","Sgr","RR","0.38533","15.1 - 15.8 p"
"V0657 Sgr","000-BFF-152","18 11 43.07 -35 22 26.6","Sgr","RR","0.50152","15.3 - 16.1 p"
"V0658 Sgr","000-BFF-153","18 11 53.65 -36 52 33.7","Sgr","RR","0.4835","15.2 - 16.0 p"
"V0662 Sgr","000-BFF-156","18 12 30.60 -36 55 07.8","Sgr","RR","0.41211","15.3 - 15.9 p"
"V1152 Sgr","000-BFF-606","18 14 36.09 -34 37 18.4","Sgr","RR","--","15.5 - 16.5 p"
"V1214 Sgr","000-BFF-663","18 48 39.29 -25 03 48.1","Sgr","RR","0.71377","14.4 - 15.4 p"
"V1519 Sgr","000-BFF-953","18 04 30.68 -29 51 55.9","Sgr","RR","0.401:","17.9 - 18.3 p"
"V2094 Sgr","000-BCD-935","19 01 08.18 -12 46 20.0","Sgr","RR","--","14.6 - 15.3 p"
"V2171 Sgr","000-BFG-540","19 42 50.94 -40 20 17.0","Sgr","RR","--","15.0 - 15.5 p"
"V2174 Sgr","000-BFG-543","19 44 27.77 -37 25 04.0","Sgr","RR","--","15.0 - 16.0 p"
"V2178 Sgr","000-BFG-547","19 45 13.22 -40 59 05.8","Sgr","RR","--","16.0 - 17.0 p"
"V2222 Sgr","000-BFG-591","20 00 42.30 -40 28 57.7","Sgr","RR","--","15.5 - 16.0 p"
"V2268 Sgr","000-BFG-637","20 23 01.44 -42 21 50.2","Sgr","RR","--","15.0 - 16.0 p"
"V2666 Sgr","000-BFH-019","18 13 03.89 -34 09 05.4","Sgr","RR","--","16.8 - 17.4 p"
"V2688 Sgr","000-BFH-041","18 13 23.61 -33 06 18.8","Sgr","RR","--","15.2 - 17.2 p"
"V2776 Sgr","000-BFH-128","18 15 13.00 -33 09 22.6","Sgr","RR","--","15.4 - 16.6 p"
"V2787 Sgr","000-BFH-139","18 15 30.41 -34 50 07.5","Sgr","RR","0.49921","16.1 - 16.5 p"
"V2790 Sgr","000-BFH-142","18 15 28.05 -33 06 12.0","Sgr","RR","--","17.2 - 18.3 p"
"V2800 Sgr","000-BFH-152","18 15 40.21 -32 23 03.1","Sgr","RR","--","15.3 - 17.1 p"
"V2832 Sgr","000-BFH-184","18 16 10.72 -31 29 41.8","Sgr","RR","0.59352","16.3 - 16.9 p"
"V2885 Sgr","000-BFH-235","18 17 23.30 -36 50 06.6","Sgr","RR","--","14.7 - 16.3 p"
"V2900 Sgr","000-BFH-250","18 17 33.29 -32 52 59.5","Sgr","RR","0.33212:","15.0 - 16.5 p"
"V2928 Sgr","000-BFH-277","18 18 01.37 -35 08 42.5","Sgr","RR","--","16.5 - 17.3 p"
"V2955 Sgr","000-BFH-304","18 18 18.65 -33 26 54.2","Sgr","RR","--","15.9 - 16.7 p"
"V2963 Sgr","000-BFH-312","18 18 24.98 -34 12 08.3","Sgr","RR","0.50779","16.4 - 17.5 p"
"V3023 Sgr","000-BFH-372","18 19 33.26 -33 08 03.9","Sgr","RR","--","16.4 - 17.9 p"
"V3145 Sgr","000-BFH-494","18 21 51.66 -30 59 51.3","Sgr","RR","--","15.9 - 16.9 p"
"V3157 Sgr","000-BFH-506","18 22 19.46 -33 09 57.1","Sgr","RR","--","16.1 - 17.4 p"
"V3166 Sgr","000-BFH-515","18 22 31.30 -33 27 27.5","Sgr","RR","--","14.6 - 16.1 p"
"V3184 Sgr","000-BFH-533","18 23 02.52 -32 16 39.8","Sgr","RR","--","15.6 - 17.2 p"
"V3275 Sgr","000-BFH-624","18 25 01.76 -33 21 55.4","Sgr","RR","--","16.5 - 17.2 p"
"V3284 Sgr","000-BFH-633","18 25 18.72 -35 25 26.8","Sgr","RR","0.52497","15.8 - 16.6 p"
"V3316 Sgr","000-BFH-665","18 26 02.03 -35 44 02.5","Sgr","RR","--","15.6 - 16.6 p"
"V3334 Sgr","000-BFH-683","18 26 40.67 -35 13 11.0","Sgr","RR","--","15.4 - 15.9 p"
"V3350 Sgr","000-BFH-699","18 27 05.72 -34 33 50.9","Sgr","RR","0.49724","14.6 - 16.1 p"
"V3394 Sgr","000-BFH-743","18 28 27.94 -33 46 24.1","Sgr","RR","0.50649","15.3 - 16.4 p"
"V3445 Sgr","000-BFH-794","18 30 08.97 -36 05 21.3","Sgr","RR","--","16.3 - 17.1 p"
"V3446 Sgr","000-BFH-795","18 30 01.09 -33 01 54.0","Sgr","RR","0.33296","16.3 - 17.3 p"
"V3459 Sgr","000-BFH-808","18 30 21.13 -33 48 36.0","Sgr","RR","0.50655","15.3 - 16.5 p"
"V3492 Sgr","000-BFH-840","18 31 22.67 -33 57 49.6","Sgr","RR","--","15.7 - 16.1 p"
"V3512 Sgr","000-BFH-859","18 32 22.24 -35 23 42.1","Sgr","RR","--","14.2 - 15.4 p"
"V3519 Sgr","000-BFH-866","18 32 30.79 -35 43 56.9","Sgr","RR","--","18.0 - 18.7 p"
"V3557 Sgr","000-BFH-904","18 33 32.89 -33 36 54.2","Sgr","RR","--","15.3 - 16.1 p"
"V3614 Sgr","000-BFH-960","18 35 30.75 -33 31 45.5","Sgr","RR","0.22061","16.8 - 17.7 p"
"V3637 Sgr","000-BFH-983","18 36 16.91 -36 10 57.2","Sgr","RR","--","15.7 - 16.5 p"
"V3654 Sgr","000-BFH-999","18 36 55.36 -32 44 26.4","Sgr","RR","--","15.3 - 16.1 p"
"V3681 Sgr","000-BFJ-026","18 38 01.01 -34 06 01.5","Sgr","RR","--","15.8 - 17.0 p"
"V3688 Sgr","000-BFJ-033","18 38 10.63 -33 07 43.3","Sgr","RR","--","14.7 - 15.8 p"
"V3689 Sgr","000-BFJ-034","18 38 14.20 -33 47 44.7","Sgr","RR","--","15.2 - 17.1 p"
"V3713 Sgr","000-BFJ-058","18 39 31.60 -34 34 25.1","Sgr","RR","--","15.7 - 16.6 p"
"V3741 Sgr","000-BFJ-086","18 40 23.06 -32 27 56.1","Sgr","RR","--","15.6 - 17.0 p"
"V3745 Sgr","000-BFJ-090","18 40 36.57 -34 44 09.6","Sgr","RR","0.33891","15.2 - 15.9 p"
"V3753 Sgr","000-BFJ-098","18 40 40.13 -32 34 12.5","Sgr","RR","--","15.6 - 16.6 p"
"V3800 Sgr","000-BFJ-139","18 20 02.22 -26 40 50.6","Sgr","RR","--","14.0 - 15.4 p"
"V4080 Sgr","000-BFJ-378","18 42 46.25 -32 37 43.1","Sgr","RR","--","16.2 - 17.2 B"
"V4085 Sgr","000-BFJ-383","18 43 34.84 -32 45 11.9","Sgr","RR","--","16 - 16.9 B"
"V4126 Sgr","000-BFJ-423","18 14 32.09 -31 49 24.1","Sgr","RR","--","16.5 - 17.2 B"
"OGLE-IV BLG500.17 159235","--","17 54 32.45 -28 28 13.4","Sgr","RR","0.30728","17.241 - ? I"
"WISE J182626.2-201257","--","18 26 26.23 -20 12 57.3","Sgr","RR","0.3504471","12.170 (0.441) W1"
"BF Sco","000-BFK-403","16 48 32.78 -30 07 40.6","Sco","RR","0.4244","13.7 - 15.4 p"
"DQ Sco","000-BFK-452","16 49 17.54 -30 02 54.1","Sco","RR","0.4146","15.9 - <16.5 p"
"FP Sco","000-BFK-485","17 06 46.65 -32 01 39.4","Sco","RR","--","15.0 - <16.0 p"
"GV Sco","000-BFK-506","16 50 43.43 -29 28 09.8","Sco","RR","--","15.5 - 16.4 p"
"GX Sco","000-BFK-508","16 51 40.65 -29 51 00.0","Sco","RR","--","15.0 - 16.1 p"
"GZ Sco","000-BFK-510","16 54 14.74 -30 45 36.6","Sco","RR","--","14.7 - 15.9 p"
"HR Sco","000-BFK-516","16 56 43.12 -30 32 44.7","Sco","RR","--","15.9 - 16.5 p"
"HS Sco","000-BBY-213","16 57 05.66 -31 03 51.8","Sco","RR","--","13.9 - 14.9 p"
"HU Sco","000-BFK-518","16 57 42.14 -30 17 11.4","Sco","RR","--","15.3 - 15.8 p"
"HV Sco","000-BFK-519","16 58 10.81 -30 42 16.2","Sco","RR","--","15.3 - 15.9 p"
"HY Sco","000-BFK-522","16 59 00.42 -31 25 59.0","Sco","RR","--","15.5 - 16.3 p"
"HZ Sco","000-BFK-523","16 59 01.38 -30 41 23.0","Sco","RR","--","15.4 - 16.2 p"
"II Sco","000-BFK-524","16 59 20.42 -30 46 03.8","Sco","RR","--","15.6 - 16.2 p"
"IN Sco","000-BFK-528","17 00 14.49 -30 24 08.6","Sco","RR","--","15.6 - 16.2 p"
"IO Sco","000-BFK-529","17 00 20.11 -30 48 24.3","Sco","RR","--","15.3 - 15.9 p"
"IS Sco","000-BFK-533","17 01 44.91 -31 01 07.0","Sco","RR","--","15.3 - 16.7 p"
"IW Sco","000-BFK-537","17 02 14.64 -31 17 26.3","Sco","RR","--","15.4 - 16.0 p"
"IY Sco","000-BFK-539","17 03 08.51 -31 29 54.5","Sco","RR","--","13.9 - 14.8 p"
"V0447 Sco","000-BFK-731","17 58 22.40 -37 03 58.5","Sco","RR","0.40987","15.5 - 16.7 p"
"V0660 Sco","000-BFK-928","17 52 33.88 -39 21 19.4","Sco","RR","--","15.5 - <16.5 p"
"V0828 Sco","000-BFL-066","17 52 51.36 -45 14 06.7","Sco","RR","--","15.0 - 16.0 p"
"V0834 Sco","000-BFL-072","17 54 43.60 -45 30 48.9","Sco","RR","--","15.5 - 16.5 p"
"V0839 Sco","000-BFL-077","17 55 52.40 -44 56 05.8","Sco","RR","--","15.0 - 16.0 p"
"V0847 Sco","000-BFL-085","17 57 46.18 -44 41 59.2","Sco","RR","--","15.0 - 16.5 p"
"V0871 Sco","000-BFL-105","17 55 02.96 -38 32 46.3","Sco","RR","--","14.5 - 15.3 p"
"NSVS 19415853","--","17 53 44.21 -35 56 12.6","Sco","RR","0.61730595","11.33 (0.66) R1"
"WISE J162642.0-412457","--","16 26 42.03 -41 24 57.7","Sco","RR","0.4288358","12.189 (0.301) W1"
"WISE J163420.1-430933","--","16 34 20.14 -43 09 33.2","Sco","RR","0.4213482","12.258 (0.569) W1"
"WISE J164310.7-315627","--","16 43 10.79 -31 56 27.1","Sco","RR","0.4419043","12.511 (0.511) W1"
"FX Sct","000-BFL-621","18 41 56.60 -10 57 21.0","Sct","RR","--","14.3 - 15.0 p"
"HH Sct","000-BFL-641","18 50 01.81 -11 21 04.3","Sct","RR","0.9:","15.6 - 16.4 p"
"HW Sct","000-BFL-655","18 50 39.25 -09 11 29.6","Sct","RR","0.5:","16.1 - 16.7 p"
"IR Sct","000-BFL-667","18 51 12.96 -08 32 23.7","Sct","RR","0.65:","15.9 - 16.5 p"
"IY Sct","000-BFL-674","18 51 31.40 -11 55 22.3","Sct","RR","0.93/N","14.7 - 16.2 p"
"KM Sct","000-BFL-678","18 51 36.77 -08 31 29.6","Sct","RR","0.3:","15.6 - 16.2 p"
"KV Sct","000-BFL-687","18 52 16.20 -10 53 33.6","Sct","RR","0.34:","14.1 - 14.6 p"
"LY Sct","000-BFL-705","18 52 52.48 -08 57 12.3","Sct","RR","0.48","15.7 - 16.8 p"
"MN Sct","000-BFL-708","18 52 58.77 -08 42 06.1","Sct","RR","0.55:","16.2 - 17.1 p"
"NO Sct","000-BFL-722","18 53 51.54 -10 13 22.0","Sct","RR","0.274:","15.4 - 16.6: p"
"OT Sct","000-BFL-739","18 54 38.44 -05 58 47.5","Sct","RR","--","15.4 - 16.7 p"
"QR Sct","000-BFL-758","18 55 24.26 -05 44 47.6","Sct","RR","--","16.9 - 17.2 p"
"QT Sct","000-BFL-760","18 55 38.28 -09 14 09.0","Sct","RR","0.8:","15.8 - 16.7 p"
"V0348 Sct","000-BFL-780","18 57 47.78 -08 09 05.8","Sct","RR","--","13.3 - 14.1 p"
"V0353 Sct","000-BFL-785","18 58 06.94 -09 41 52.7","Sct","RR","--","16.8 - 17.8: p"
"V0355 Sct","000-BFL-787","18 58 09.59 -08 15 02.0","Sct","RR","0.310554","14.0 - 14.5 p"
"V0357 Sct","000-BFL-789","18 58 08.00 -04 41 45.8","Sct","RR","0.467:","15.2 - 16.6 p"
"V0359 Sct","000-BFL-791","18 58 22.68 -09 52 41.9","Sct","RR","--","15.5 - 16.0 p"
"NSVS 13810713","--","18 13 11.68 -01 46 37.8","Ser","RR","0.33345","13.309 (0.378) R1"
"WISE J183111.5+004205","--","18 31 11.60 +00 42 05.5","Ser","RR","0.4465304","12.454 (0.439) W1"
"SY Tel","000-BFN-259","18 11 42.96 -52 27 35.4","Tel","RR","--","13.9 - 16.0 p"
"SZ Tel","000-BFN-260","18 17 05.36 -53 33 50.3","Tel","RR","--","13.6 - 15.8 p"
"UW Tel","000-BFN-270","18 16 29.11 -53 06 51.4","Tel","RR","0.2882:","14.8 - 15.3 p"
"BT Tel","000-BFN-320","18 11 35.27 -55 35 11.2","Tel","RR","--","14.7 - 15.9 p"
"BU Tel","000-BFN-321","18 11 22.67 -50 39 29.3","Tel","RR","--","14.2 - 15.2 p"
"BV Tel","000-BFN-322","18 11 17.01 -50 32 04.8","Tel","RR","--","14.7 - 15.8 p"
"BX Tel","000-BFN-324","18 11 31.29 -51 12 38.6","Tel","RR","--","14.8 - 16.2 p"
"BZ Tel","000-BFN-326","18 11 47.05 -49 53 03.8","Tel","RR","--","14.4 - 16.3 p"
"CD Tel","000-BFN-328","18 12 54.07 -54 44 27.9","Tel","RR","--","15.5 - 16.8 p"
"CE Tel","000-BFN-329","18 13 45.57 -56 22 19.6","Tel","RR","--","14.4 - 15.6 p"
"CF Tel","000-BFN-330","18 13 35.14 -55 45 56.0","Tel","RR","--","13.9 - 15.9 p"
"CG Tel","000-BFN-331","18 13 42.72 -52 43 54.6","Tel","RR","--","14.8 - 15.9 p"
"CH Tel","000-BFN-332","18 13 48.96 -51 09 17.4","Tel","RR","--","14.6 - 15.7 p"
"CK Tel","000-BFN-334","18 15 43.55 -56 23 35.3","Tel","RR","--","14.8 - 17.0 p"
"CL Tel","000-BFN-335","18 15 35.04 -53 32 36.0","Tel","RR","--","14.8 - 16.0 p"
"CM Tel","000-BFN-336","18 15 42.92 -52 20 03.0","Tel","RR","--","15.0 - 16.0 p"
"CN Tel","000-BFN-337","18 16 08.10 -49 31 56.7","Tel","RR","--","14.8 - 16.2 p"
"CO Tel","000-BFN-338","18 16 18.85 -50 29 57.8","Tel","RR","--","14.9 - 16.0 p"
"CQ Tel","000-BFN-340","18 16 40.95 -52 42 53.3","Tel","RR","--","14.9 - 15.9 p"
"CS Tel","000-BFN-342","18 17 18.81 -53 38 13.8","Tel","RR","--","15.2 - 16.9 p"
"CW Tel","000-BFN-346","18 18 20.98 -50 29 33.3","Tel","RR","--","14.1 - 15.4 p"
"DD Tel","000-BFN-350","18 19 37.14 -50 03 09.3","Tel","RR","--","14.8 - 15.8 p"
"DF Tel","000-BFN-352","18 21 13.84 -49 33 47.8","Tel","RR","--","14.6 - 15.8 p"
"DG Tel","000-BFN-353","18 22 09.75 -56 34 19.5","Tel","RR","--","15.2 - 16.2 p"
"DI Tel","000-BFN-355","18 22 57.98 -51 56 40.5","Tel","RR","--","14.5 - 15.6 p"
"DK Tel","000-BFN-356","18 22 55.22 -50 59 36.6","Tel","RR","--","14.1 - 15.8 p"
"DN Tel","000-BFN-359","18 23 37.13 -52 06 28.8","Tel","RR","--","14.7 - 15.8 p"
"DP Tel","000-BFN-361","18 24 30.92 -52 23 09.1","Tel","RR","--","14.2 - 15.2 p"
"DS Tel","000-BFN-364","18 25 34.34 -52 24 40.6","Tel","RR","--","14.7 - 15.9 p"
"DT Tel","000-BFN-365","18 26 02.29 -50 57 15.9","Tel","RR","--","14.1 - 16.0 p"
"DV Tel","000-BFN-367","18 27 13.90 -55 08 45.6","Tel","RR","--","14.7 - 16.3 p"
"DW Tel","000-BFN-368","18 26 56.30 -51 14 08.2","Tel","RR","--","14.5 - 15.8 p"
"DX Tel","000-BFN-369","18 27 30.56 -54 31 56.8","Tel","RR","--","15.8 - 17.0 p"
"DZ Tel","000-BFN-371","18 27 37.70 -49 39 49.2","Tel","RR","--","14.9 - 16.2 p"
"EF Tel","000-BFN-373","18 28 27.28 -50 38 08.1","Tel","RR","--","14.5 - 15.9 p"
"EH Tel","000-BFN-375","18 28 59.77 -53 09 54.5","Tel","RR","--","14.7 - 15.8 p"
"EI Tel","000-BFN-376","18 29 37.24 -53 35 43.4","Tel","RR","--","14.8 - 15.9 p"
"EK Tel","000-BFN-377","18 29 13.84 -50 21 07.5","Tel","RR","--","13.0 - 14.7 p"
"EL Tel","000-BFN-378","18 29 49.30 -52 37 13.8","Tel","RR","--","14.1 - 15.4 p"
"EM Tel","000-BFN-379","18 29 57.84 -53 18 26.1","Tel","RR","--","14.5 - 15.5 p"
"EO Tel","000-BFN-381","18 30 23.89 -50 51 27.9","Tel","RR","--","14.7 - 15.8 p"
"EQ Tel","000-BFN-383","18 31 40.67 -54 29 05.5","Tel","RR","--","15.0 - 16.0 p"
"ER Tel","000-BFN-384","18 31 31.35 -50 29 58.3","Tel","RR","--","14.7 - 15.8 p"
"ES Tel","000-BFN-385","18 33 42.61 -56 29 17.5","Tel","RR","--","14.8 - 15.9 p"
"FN Tel","000-BFN-400","18 38 36.28 -54 14 41.3","Tel","RR","--","15.5 - 16.8 p"
"FV Tel","000-BFN-408","18 43 21.11 -53 54 40.4","Tel","RR","--","14.8 - 15.8 p"
"FW Tel","000-BFN-409","18 43 12.95 -50 36 58.1","Tel","RR","--","14.7 - 15.8 p"
"FZ Tel","000-BFN-412","18 45 05.48 -50 12 04.1","Tel","RR","--","14.8 - 16.0 p"
"HX Tel","000-BFN-444","20 07 26.77 -45 19 19.3","Tel","RR","--","14.0 - 15.0 p"
"KM Tel","000-BFN-464","18 09 43.07 -49 41 00.9","Tel","RR","--","15.0 - 16.0 p"
"KN Tel","000-BFN-465","18 10 14.73 -54 02 16.2","Tel","RR","--","15.0 - 16.0 p"
"KO Tel","000-BFN-466","18 09 57.49 -47 04 58.9","Tel","RR","--","15.5 - 16.5 p"
"KP Tel","000-BFN-467","18 10 19.67 -51 20 36.5","Tel","RR","--","15.5 - 16.5 p"
"KQ Tel","000-BFN-468","18 10 52.84 -48 58 35.8","Tel","RR","--","14.5 - 15.5 p"
"KR Tel","000-BFN-469","18 11 38.82 -53 00 32.2","Tel","RR","--","15.0 - 16.0 p"
"KS Tel","000-BFN-470","18 12 32.67 -52 32 14.2","Tel","RR","--","15.0 - 16.0 p"
"KT Tel","000-BFN-471","18 12 46.54 -46 18 16.8","Tel","RR","--","14.0 - 15.0 p"
"KU Tel","000-BFN-472","18 13 21.29 -48 39 09.8","Tel","RR","--","14.5 - 15.5 p"
"KW Tel","000-BFN-474","18 14 16.79 -46 54 30.0","Tel","RR","--","14.5 - 16.0 p"
"KX Tel","000-BFN-475","18 14 34.81 -46 18 17.8","Tel","RR","--","15.0 - 16.0 p"
"KY Tel","000-BFN-476","18 15 45.94 -50 23 24.0","Tel","RR","--","15.5 - 17.0 p"
"KZ Tel","000-BFN-477","18 15 57.90 -47 13 54.3","Tel","RR","--","15.0 - 16.0 p"
"LL Tel","000-BFN-478","18 16 07.58 -49 10 48.8","Tel","RR","--","15.0 - 16.0 p"
"LM Tel","000-BFN-479","18 17 24.25 -46 20 17.5","Tel","RR","--","15.0 - 16.0 p"
"LN Tel","000-BFN-480","18 17 42.82 -45 42 01.9","Tel","RR","--","14.5 - 15.5 p"
"LO Tel","000-BFN-481","18 18 00.33 -46 17 11.1","Tel","RR","--","15.5 - 16.5 p"
"LP Tel","000-BFN-482","18 18 49.84 -51 56 49.6","Tel","RR","--","14.5 - 16.0 p"
"LQ Tel","000-BFN-483","18 18 34.94 -46 57 33.6","Tel","RR","--","16.0 - 17.0 p"
"LR Tel","000-BFN-484","18 18 47.53 -46 45 47.9","Tel","RR","--","15.0 - 16.5 p"
"LS Tel","000-BFN-485","18 20 08.78 -45 38 13.6","Tel","RR","--","14.0 - 15.0 p"
"LT Tel","000-BFN-486","18 20 51.68 -50 53 32.2","Tel","RR","--","16.0 - 17.0 p"
"LV Tel","000-BFN-488","18 23 04.27 -48 20 34.6","Tel","RR","--","14.5 - 15.5 p"
"LW Tel","000-BFN-489","18 22 57.76 -46 23 09.9","Tel","RR","--","14.5 - 15.5 p"
"LX Tel","000-BFN-490","18 23 27.16 -46 59 17.6","Tel","RR","--","14.5 - 15.5 p"
"LY Tel","000-BFN-491","18 24 40.02 -49 29 42.1","Tel","RR","--","15.0 - 16.5 p"
"MN Tel","000-BFN-494","18 26 57.87 -47 19 18.5","Tel","RR","--","14.5 - 15.5 p"
"MO Tel","000-BFN-495","18 27 20.86 -49 56 18.2","Tel","RR","--","15.0 - 16.0 p"
"MP Tel","000-BFN-496","18 30 06.83 -49 02 33.3","Tel","RR","--","15.0 - 16.5 p"
"MQ Tel","000-BFN-497","18 30 18.08 -47 09 02.7","Tel","RR","--","14.0 - 15.0 p"
"MR Tel","000-BFN-498","18 31 03.78 -51 59 16.5","Tel","RR","--","16.0 - 17.0 p"
"OR Tel","000-BFN-522","18 30 14.56 -50 53 48.8","Tel","RR","--","14.7 - 15.6 p"
"NSV 10584","--","18 20 03.90 -51 16 29.0","Tel","RR","--","15.1 - 15.9 p"
"TY TrA","000-BFN-627","15 52 22.49 -63 00 22.3","TrA","RR","--","15.7 - 16.3 p"
"UY TrA","000-BFN-633","15 55 18.59 -62 05 38.8","TrA","RR","--","15.0 - 16.1 p"
"UZ TrA","000-BFN-634","15 56 28.21 -64 00 07.7","TrA","RR","--","14.4 - 15.6 p"
"AE TrA","000-BFN-654","16 09 41.26 -64 45 29.8","TrA","RR","--","14.9 - 15.6 p"
"AT TrA","000-BFN-668","16 14 12.16 -62 26 47.3","TrA","RR","0.6078","13.8 - 15.5 p"
"AU TrA","000-BFN-669","16 14 39.00 -61 56 01.6","TrA","RR","0.4231","14.5 - 15.3 p"
"AV TrA","000-BFN-670","16 15 55.06 -64 51 10.9","TrA","RR","0.39907","14.4 - 15.8 p"
"BH TrA","000-BFN-681","16 19 06.85 -61 22 06.8","TrA","RR","0.5025","14.2 - 15.7 p"
"BI TrA","000-BFN-682","16 19 12.76 -60 54 02.5","TrA","RR","0.4584","14.9 - 15.8 p"
"BY TrA","000-BFN-697","16 22 33.78 -60 37 02.5","TrA","RR","--","14.7 - 16.1 p"
"CI TrA","000-BFN-705","16 26 22.13 -63 19 01.2","TrA","RR","--","14.7 - 15.3 p"
"CK TrA","000-BFN-706","16 26 57.62 -61 44 32.3","TrA","RR","--","14.7 - 15.9 p"
"CO TrA","000-BFN-710","16 28 20.72 -60 20 19.3","TrA","RR","--","15.3 - 16.2 p"
"DP TrA","000-BFN-732","16 36 13.08 -63 42 12.5","TrA","RR","--","13.4 - 14.8 p"
"DQ TrA","000-BFN-733","16 36 03.23 -61 23 01.6","TrA","RR","--","15.0 - 15.9 p"
"ES TrA","000-BFN-751","16 17 49.99 -60 29 27.2","TrA","RR","1.841/N","16.0 - <17.0 p"
"EZ TrA","000-BFN-758","16 25 18.86 -60 28 31.8","TrA","RR","--","15.6 - <16.2 p"
"FG TrA","000-BFN-760","16 27 34.06 -62 05 14.0","TrA","RR","--","15.2 - <16.0 p"
"GH TrA","000-BFN-779","15 22 10.90 -66 44 02.6","TrA","RR","--","15.0 - 16.0 p"
"GI TrA","000-BFN-780","15 41 37.38 -68 26 42.4","TrA","RR","--","15.0 - 16.0 p"
"GK TrA","000-BFN-781","15 41 01.03 -64 51 28.5","TrA","RR","--","15.0 - 16.0 p"
"GM TrA","000-BFN-782","15 43 52.67 -64 40 28.6","TrA","RR","--","15.0 - 16.0 p"
"GO TrA","000-BFN-784","15 52 06.49 -66 31 09.6","TrA","RR","--","15.5 - 17.0 p"
"GP TrA","000-BFN-785","16 01 00.56 -69 35 17.6","TrA","RR","--","14.5 - 15.5 p"
"KO TrA","000-BFN-831","16 35 36.75 -61 13 42.0","TrA","RR","--","15.7 - <16.7 p"
"UNSW-V 834","--","15 00 03.50 -68 36 40.8","TrA","RR","0.54015","12.89 (0.045) I"
"UNSW-V 840","--","15 01 44.80 -69 23 40.4","TrA","RR","0.30171","9.7 (0.006) I"
"UW Tuc","000-BFN-889","00 05 58.57 -74 06 48.6","Tuc","RR","0.46619","14.9 - 15.8 p"
"AH Tuc","000-BFN-909","01 07 03.39 -71 42 59.1","Tuc","RR","0.603334","14.7 - 15.5 p"
"AZ Tuc","000-BFN-924","01 07 53.04 -59 25 47.8","Tuc","RR","--","15.0 - 15.5 p"
"BI Tuc","000-BFN-932","01 21 19.67 -58 09 29.7","Tuc","RR","--","15.0 - 16.0 p"
"BL Tuc","000-BFN-934","23 31 33.21 -73 19 19.3","Tuc","RR","--","15.0 - 15.5 p"
"WISE J004140.0-671142","--","00 41 40.07 -67 11 42.5","Tuc","RR","0.4315106","12.630 (0.231) W1"
"BX UMa","000-BFP-033","11 39 29.42 +55 09 59.5","UMa","RR","--","16.7 - 17.5 p"
"NSVS 2571485","--","10 23 49.56 +66 30 27.4","UMa","RR","0.66688297","11.68 (0.31) R1"
"NSVS 693875","--","08 13 11.64 +69 10 35.9","UMa","RR","0.21034887","12.02 (0.20) R1"
"NSVS 1006816","000-BMV-504","15 08 59.24 +82 17 57.8","UMi","RR","0.23624","13.472 (0.248) R1"
"EI Vel","000-BFP-257","08 07 12.06 -45 03 57.3","Vel","RR","0.733492","13.8 - <14.8 p"
"WISE J085427.1-555810","--","08 54 27.12 -55 58 10.3","Vel","RR","0.437202","12.571 (0.147) W1"
"WISE J091819.1-440732","--","09 18 19.11 -44 07 32.4","Vel","RR","0.3618031","13.575 (0.498) W1"
"WISE J103337.7-540539","--","10 33 37.79 -54 05 39.9","Vel","RR","0.4248564","13.171 (0.360) W1"
"DE Vir","000-BFP-524","12 15 59.34 +09 07 37.6","Vir","RR","--","15.5 - 16.5 p"
"RZ Vol","000-BFP-681","08 43 04.03 -66 07 13.7","Vol","RR","--","14.0 - 15.0 p"
"ST Vol","000-BFP-683","08 47 59.35 -66 33 47.6","Vol","RR","--","15.0 - 16.0 p"
"SU Vol","000-BFP-684","08 48 18.24 -69 26 31.3","Vol","RR","--","15.0 - 16.0 p"
"TV Vol","000-BFP-691","09 00 50.90 -67 29 19.9","Vol","RR","--","15.0 - 16.5 p"
"TW Vol","000-BFP-692","09 00 46.04 -68 35 36.0","Vol","RR","--","16.0 - 17.0 p"
"GS Vul","000-BFP-836","19 48 26.50 +21 32 14.6","Vul","RR","--","16.0 - 17.0 p"
"KQ Vul","000-BFP-882","20 11 59.26 +22 23 59.9","Vul","RR","--","15.5 - 16.5 p"
"KR Vul","000-BFP-883","20 11 52.87 +22 05 47.0","Vul","RR","--","16.0 - 17.0 p"
"WISE J192409.3+233520","--","19 24 09.33 +23 35 20.2","Vul","RR","0.427858","12.402 (0.237) W1"